timestamp_iso,timestamp_epoch,packet_num,source,accel_x,accel_y,accel_z,gyro_x,gyro_y,gyro_z,bmp_temp_c,bmp_pressure_hpa,bmp_altitude_m,mlx_ambient_c,mlx_object_c,mlx_delta_c,spec_raw,spec_voltage_v,spec_intensity_pct,gps_lat,gps_lng,gps_alt_m,gps_sats,lora_rssi_dbm,lora_snr_db,gs_packets,raw_packet
2026-09-18T20:54:50.668324,1789745090.6683245,1,Test,0.1,0.2,9.81,0.01,0.02,0.03,24.5,1013.2,15.0,24.0,26.5,2.5,2048,1.65,50.0,12.9716,77.5946,920.0,8,0,0.0,0,"PKT:1,A:0.10/0.20/9.81,G:0.01/0.02/0.03,T:24.5,P:1013.2,H:15.0,IR:24.0/26.5,SPEC:2048/50.0,GPS:12.971600/77.594600/920.0,SAT:8"
2026-09-18T21:01:50.654496,1789745510.6544957,1,Serial,10.26,0.64,-1.23,-0.06,-0.12,0.5,35.1,985.2,236.6,34.3,33.9,-0.4,3995,3.22,97.6,12.975237,79.094,246.7,9,0,0.0,0,"[PKT #1] PKT:1,A:10.26/0.64/-1.23,G:-0.06/-0.12/0.50,T:35.1,P:985.2,H:236.6,IR:34.3/33.9,SPEC:3995/97.6,GPS:12.975237/79.094000/246.7,SAT:9"
2026-09-18T21:01:51.653999,1789745511.6539986,2,Serial,10.3,0.64,-1.19,-0.06,-0.12,0.5,35.1,985.2,236.4,34.4,33.9,-0.5,3981,3.21,97.2,12.975245,79.094011,246.4,9,0,0.0,0,"[PKT #2] PKT:2,A:10.30/0.64/-1.19,G:-0.06/-0.12/0.50,T:35.1,P:985.2,H:236.4,IR:34.4/33.9,SPEC:3981/97.2,GPS:12.975245/79.094011/246.4,SAT:9"
2026-09-18T21:01:52.654431,1789745512.6544309,3,Serial,10.28,0.63,-1.21,-0.06,-0.12,0.5,35.1,985.1,236.6,34.4,33.9,-0.5,4000,3.22,97.7,12.975261,79.094012,245.9,8,0,0.0,0,"[PKT #3] PKT:3,A:10.28/0.63/-1.21,G:-0.06/-0.12/0.50,T:35.1,P:985.1,H:236.6,IR:34.4/33.9,SPEC:4000/97.7,GPS:12.975261/79.094012/245.9,SAT:8"
2026-09-18T21:01:53.653962,1789745513.6539621,4,Serial,10.28,0.64,-1.25,-0.06,-0.12,0.5,35.2,985.1,236.8,34.4,34.0,-0.4,3982,3.21,97.2,12.975288,79.094014,245.7,8,0,0.0,0,"[PKT #4] PKT:4,A:10.28/0.64/-1.25,G:-0.06/-0.12/0.50,T:35.2,P:985.1,H:236.8,IR:34.4/34.0,SPEC:3982/97.2,GPS:12.975288/79.094014/245.7,SAT:8"
2026-09-18T21:01:54.653498,1789745514.653498,5,Serial,10.28,0.65,-1.24,-0.06,-0.12,0.5,35.2,985.1,236.7,34.4,34.0,-0.4,3974,3.2,97.0,12.975297,79.094022,245.8,6,0,0.0,0,"[PKT #5] PKT:5,A:10.28/0.65/-1.24,G:-0.06/-0.12/0.50,T:35.2,P:985.1,H:236.7,IR:34.4/34.0,SPEC:3974/97.0,GPS:12.975297/79.094022/245.8,SAT:6"
2026-09-18T21:01:55.653872,1789745515.6538715,6,Serial,10.28,0.63,-1.24,-0.06,-0.12,0.5,35.2,985.2,236.6,34.4,34.0,-0.4,4023,3.24,98.2,12.975304,79.094029,245.7,6,0,0.0,0,"[PKT #6] PKT:6,A:10.28/0.63/-1.24,G:-0.06/-0.12/0.50,T:35.2,P:985.2,H:236.6,IR:34.4/34.0,SPEC:4023/98.2,GPS:12.975304/79.094029/245.7,SAT:6"
2026-09-18T21:01:56.654223,1789745516.6542232,7,Serial,10.28,0.65,-1.21,-0.06,-0.12,0.5,35.1,985.2,236.6,34.4,34.0,-0.4,3993,3.22,97.5,12.975309,79.094015,245.7,7,0,0.0,0,"[PKT #7] PKT:7,A:10.28/0.65/-1.21,G:-0.06/-0.12/0.50,T:35.1,P:985.2,H:236.6,IR:34.4/34.0,SPEC:3993/97.5,GPS:12.975309/79.094015/245.7,SAT:7"
2026-09-18T21:01:57.653951,1789745517.653951,8,Serial,10.3,0.64,-1.24,-0.06,-0.12,0.5,35.1,985.2,236.5,34.4,33.9,-0.5,4000,3.22,97.7,12.975332,79.094022,245.7,7,0,0.0,0,"[PKT #8] PKT:8,A:10.30/0.64/-1.24,G:-0.06/-0.12/0.50,T:35.1,P:985.2,H:236.5,IR:34.4/33.9,SPEC:4000/97.7,GPS:12.975332/79.094022/245.7,SAT:7"
2026-09-18T21:01:58.654149,1789745518.6541486,9,Serial,10.27,0.65,-1.22,-0.06,-0.12,0.5,35.1,985.1,236.8,34.4,34.0,-0.4,3973,3.2,97.0,12.975328,79.094042,245.6,6,0,0.0,0,"[PKT #9] PKT:9,A:10.27/0.65/-1.22,G:-0.06/-0.12/0.50,T:35.1,P:985.1,H:236.8,IR:34.4/34.0,SPEC:3973/97.0,GPS:12.975328/79.094042/245.6,SAT:6"
2026-09-18T21:01:59.653961,1789745519.6539607,10,Serial,10.29,0.64,-1.23,-0.06,-0.12,0.5,35.1,985.2,236.4,34.4,34.0,-0.4,3983,3.21,97.3,12.975333,79.094043,245.3,7,0,0.0,0,"[PKT #10] PKT:10,A:10.29/0.64/-1.23,G:-0.06/-0.12/0.50,T:35.1,P:985.2,H:236.4,IR:34.4/34.0,SPEC:3983/97.3,GPS:12.975333/79.094043/245.3,SAT:7"
2026-09-18T21:02:00.653554,1789745520.6535542,11,Serial,10.28,0.65,-1.19,-0.06,-0.12,0.5,35.1,985.1,236.9,34.4,33.9,-0.5,3999,3.22,97.7,12.975351,79.094038,245.1,7,0,0.0,0,"[PKT #11] PKT:11,A:10.28/0.65/-1.19,G:-0.06/-0.12/0.50,T:35.1,P:985.1,H:236.9,IR:34.4/33.9,SPEC:3999/97.7,GPS:12.975351/79.094038/245.1,SAT:7"
2026-09-18T21:02:01.653161,1789745521.6531613,12,Serial,10.28,0.65,-1.22,-0.06,-0.12,0.5,35.1,985.2,236.4,34.4,33.8,-0.6,3998,3.22,97.6,12.975361,79.09405,244.8,6,0,0.0,0,"[PKT #12] PKT:12,A:10.28/0.65/-1.22,G:-0.06/-0.12/0.50,T:35.1,P:985.2,H:236.4,IR:34.4/33.8,SPEC:3998/97.6,GPS:12.975361/79.094050/244.8,SAT:6"
2026-09-18T21:02:02.653122,1789745522.653122,13,Serial,10.29,0.64,-1.19,-0.06,-0.12,0.5,35.1,985.1,236.7,34.4,33.9,-0.5,3994,3.22,97.5,12.975361,79.09405,244.5,6,0,0.0,0,"[PKT #13] PKT:13,A:10.29/0.64/-1.19,G:-0.06/-0.12/0.50,T:35.1,P:985.1,H:236.7,IR:34.4/33.9,SPEC:3994/97.5,GPS:12.975361/79.094050/244.5,SAT:6"
2026-09-18T21:02:03.653162,1789745523.6531625,14,Serial,10.27,0.62,-1.25,-0.06,-0.12,0.5,35.1,985.1,236.9,34.4,34.0,-0.4,4018,3.24,98.1,12.975354,79.094032,244.2,7,0,0.0,0,"[PKT #14] PKT:14,A:10.27/0.62/-1.25,G:-0.06/-0.12/0.50,T:35.1,P:985.1,H:236.9,IR:34.4/34.0,SPEC:4018/98.1,GPS:12.975354/79.094032/244.2,SAT:7"
2026-09-18T21:02:04.654569,1789745524.6545687,15,Serial,10.28,0.65,-1.23,-0.06,-0.12,0.5,35.1,985.1,236.8,34.4,33.9,-0.5,3990,3.22,97.4,12.975336,79.094007,244.5,7,0,0.0,0,"[PKT #15] PKT:15,A:10.28/0.65/-1.23,G:-0.06/-0.12/0.50,T:35.1,P:985.1,H:236.8,IR:34.4/33.9,SPEC:3990/97.4,GPS:12.975336/79.094007/244.5,SAT:7"
2026-09-18T21:02:05.653155,1789745525.6531546,16,Serial,10.27,0.63,-1.21,-0.06,-0.12,0.5,35.1,985.1,237.0,34.4,33.9,-0.5,3985,3.21,97.3,12.975334,79.094009,244.3,7,0,0.0,0,"[PKT #16] PKT:16,A:10.27/0.63/-1.21,G:-0.06/-0.12/0.50,T:35.1,P:985.1,H:237.0,IR:34.4/33.9,SPEC:3985/97.3,GPS:12.975334/79.094009/244.3,SAT:7"
2026-09-18T21:02:06.653163,1789745526.6531627,17,Serial,10.27,0.65,-1.22,-0.06,-0.12,0.5,35.1,985.1,236.7,34.4,33.9,-0.5,3976,3.2,97.1,12.975334,79.09401,244.1,7,0,0.0,0,"[PKT #17] PKT:17,A:10.27/0.65/-1.22,G:-0.06/-0.12/0.50,T:35.1,P:985.1,H:236.7,IR:34.4/33.9,SPEC:3976/97.1,GPS:12.975334/79.094010/244.1,SAT:7"
2026-09-18T21:02:07.652941,1789745527.652941,18,Serial,10.28,0.64,-1.21,-0.06,-0.12,0.5,35.1,985.2,236.6,34.4,33.9,-0.5,4016,3.24,98.1,12.975334,79.094006,243.9,7,0,0.0,0,"[PKT #18] PKT:18,A:10.28/0.64/-1.21,G:-0.06/-0.12/0.50,T:35.1,P:985.2,H:236.6,IR:34.4/33.9,SPEC:4016/98.1,GPS:12.975334/79.094006/243.9,SAT:7"
2026-09-18T21:02:08.653556,1789745528.653556,19,Serial,10.27,0.63,-1.22,-0.06,-0.12,0.5,35.1,985.2,236.5,34.4,33.9,-0.5,4008,3.23,97.9,12.97532,79.094014,243.9,6,0,0.0,0,"[PKT #19] PKT:19,A:10.27/0.63/-1.22,G:-0.06/-0.12/0.50,T:35.1,P:985.2,H:236.5,IR:34.4/33.9,SPEC:4008/97.9,GPS:12.975320/79.094014/243.9,SAT:6"
2026-09-18T21:02:09.653520,1789745529.6535196,20,Serial,10.28,0.63,-1.22,-0.06,-0.12,0.5,35.1,985.1,236.8,34.4,33.9,-0.5,3973,3.2,97.0,12.97532,79.094034,243.7,6,0,0.0,0,"[PKT #20] PKT:20,A:10.28/0.63/-1.22,G:-0.06/-0.12/0.50,T:35.1,P:985.1,H:236.8,IR:34.4/33.9,SPEC:3973/97.0,GPS:12.975320/79.094034/243.7,SAT:6"
2026-09-18T21:02:10.652945,1789745530.6529446,21,Serial,10.27,0.64,-1.2,-0.06,-0.11,0.5,35.1,985.1,236.7,34.4,33.9,-0.5,4000,3.22,97.7,12.975316,79.094032,243.6,6,0,0.0,0,"[PKT #21] PKT:21,A:10.27/0.64/-1.20,G:-0.06/-0.11/0.50,T:35.1,P:985.1,H:236.7,IR:34.4/33.9,SPEC:4000/97.7,GPS:12.975316/79.094032/243.6,SAT:6"
2026-09-18T21:02:11.652771,1789745531.6527708,22,Serial,10.27,0.64,-1.21,-0.06,-0.12,0.5,35.1,985.2,236.6,34.4,33.9,-0.5,3995,3.22,97.6,12.975321,79.094023,243.1,6,0,0.0,0,"[PKT #22] PKT:22,A:10.27/0.64/-1.21,G:-0.06/-0.12/0.50,T:35.1,P:985.2,H:236.6,IR:34.4/33.9,SPEC:3995/97.6,GPS:12.975321/79.094023/243.1,SAT:6"
2026-09-18T21:02:12.653013,1789745532.6530125,23,Serial,10.28,0.64,-1.22,-0.06,-0.12,0.5,35.1,985.1,236.7,34.4,33.8,-0.6,4023,3.24,98.2,12.975331,79.093995,242.7,7,0,0.0,0,"[PKT #23] PKT:23,A:10.28/0.64/-1.22,G:-0.06/-0.12/0.50,T:35.1,P:985.1,H:236.7,IR:34.4/33.8,SPEC:4023/98.2,GPS:12.975331/79.093995/242.7,SAT:7"
2026-09-18T21:02:13.652965,1789745533.6529653,24,Serial,10.3,0.64,-1.19,-0.06,-0.12,0.5,35.1,985.2,236.6,34.4,34.0,-0.4,3989,3.21,97.4,12.975332,79.09396,242.2,7,0,0.0,0,"[PKT #24] PKT:24,A:10.30/0.64/-1.19,G:-0.06/-0.12/0.50,T:35.1,P:985.2,H:236.6,IR:34.4/34.0,SPEC:3989/97.4,GPS:12.975332/79.093960/242.2,SAT:7"
2026-09-18T21:02:14.652940,1789745534.6529396,25,Serial,10.28,0.65,-1.23,-0.06,-0.12,0.5,35.1,985.2,236.5,34.4,34.0,-0.4,3994,3.22,97.5,12.975353,79.093941,241.8,7,0,0.0,0,"[PKT #25] PKT:25,A:10.28/0.65/-1.23,G:-0.06/-0.12/0.50,T:35.1,P:985.2,H:236.5,IR:34.4/34.0,SPEC:3994/97.5,GPS:12.975353/79.093941/241.8,SAT:7"
2026-09-18T21:02:15.659658,1789745535.6596584,26,Serial,10.3,0.64,-1.24,-0.06,-0.12,0.5,35.1,985.2,236.5,34.4,34.0,-0.4,3963,3.19,96.8,12.975357,79.09391,241.4,7,0,0.0,0,"[PKT #26] PKT:26,A:10.30/0.64/-1.24,G:-0.06/-0.12/0.50,T:35.1,P:985.2,H:236.5,IR:34.4/34.0,SPEC:3963/96.8,GPS:12.975357/79.093910/241.4,SAT:7"
2026-09-18T21:02:16.652758,1789745536.6527581,27,Serial,10.27,0.65,-1.21,-0.06,-0.12,0.5,35.1,985.1,236.6,34.4,33.9,-0.5,4015,3.24,98.0,12.975356,79.093873,241.2,7,0,0.0,0,"[PKT #27] PKT:27,A:10.27/0.65/-1.21,G:-0.06/-0.12/0.50,T:35.1,P:985.1,H:236.6,IR:34.4/33.9,SPEC:4015/98.0,GPS:12.975356/79.093873/241.2,SAT:7"
2026-09-18T21:02:17.652663,1789745537.6526632,28,Serial,10.3,0.63,-1.23,-0.06,-0.12,0.5,35.1,985.2,236.6,34.4,34.0,-0.4,3977,3.2,97.1,12.975314,79.093835,241.7,6,0,0.0,0,"[PKT #28] PKT:28,A:10.30/0.63/-1.23,G:-0.06/-0.12/0.50,T:35.1,P:985.2,H:236.6,IR:34.4/34.0,SPEC:3977/97.1,GPS:12.975314/79.093835/241.7,SAT:6"
2026-09-18T21:02:18.652721,1789745538.6527214,29,Serial,10.28,0.65,-1.2,-0.06,-0.12,0.5,35.1,985.2,236.6,34.4,34.0,-0.4,3994,3.22,97.5,12.975322,79.09384,241.5,5,0,0.0,0,"[PKT #29] PKT:29,A:10.28/0.65/-1.20,G:-0.06/-0.12/0.50,T:35.1,P:985.2,H:236.6,IR:34.4/34.0,SPEC:3994/97.5,GPS:12.975322/79.093840/241.5,SAT:5"
2026-09-18T21:02:19.652769,1789745539.6527686,30,Serial,10.29,0.64,-1.23,-0.06,-0.12,0.5,35.1,985.2,236.6,34.4,34.0,-0.4,4023,3.24,98.2,12.97533,79.093836,241.4,5,0,0.0,0,"[PKT #30] PKT:30,A:10.29/0.64/-1.23,G:-0.06/-0.12/0.50,T:35.1,P:985.2,H:236.6,IR:34.4/34.0,SPEC:4023/98.2,GPS:12.975330/79.093836/241.4,SAT:5"
2026-09-18T21:02:20.652953,1789745540.6529534,31,Serial,10.27,0.6,-1.19,-0.07,-0.12,0.5,35.1,985.1,236.7,34.4,34.0,-0.4,4000,3.22,97.7,12.975323,79.093835,241.3,6,0,0.0,0,"[PKT #31] PKT:31,A:10.27/0.60/-1.19,G:-0.07/-0.12/0.50,T:35.1,P:985.1,H:236.7,IR:34.4/34.0,SPEC:4000/97.7,GPS:12.975323/79.093835/241.3,SAT:6"
2026-09-18T21:02:21.654435,1789745541.6544354,32,Serial,10.29,0.63,-1.22,-0.06,-0.12,0.5,35.1,985.1,236.7,34.4,34.0,-0.4,3989,3.21,97.4,12.975298,79.093835,241.7,7,0,0.0,0,"[PKT #32] PKT:32,A:10.29/0.63/-1.22,G:-0.06/-0.12/0.50,T:35.1,P:985.1,H:236.7,IR:34.4/34.0,SPEC:3989/97.4,GPS:12.975298/79.093835/241.7,SAT:7"
2026-09-18T21:02:22.652918,1789745542.6529179,33,Serial,10.27,0.66,-1.19,-0.06,-0.12,0.5,35.1,985.1,236.8,34.4,34.0,-0.4,4026,3.24,98.3,12.975276,79.093854,242.3,7,0,0.0,0,"[PKT #33] PKT:33,A:10.27/0.66/-1.19,G:-0.06/-0.12/0.50,T:35.1,P:985.1,H:236.8,IR:34.4/34.0,SPEC:4026/98.3,GPS:12.975276/79.093854/242.3,SAT:7"
2026-09-18T21:02:23.652663,1789745543.6526635,34,Serial,10.27,0.66,-1.23,-0.06,-0.12,0.5,35.1,985.1,236.6,34.4,34.0,-0.4,3992,3.22,97.5,12.975257,79.093851,242.6,7,0,0.0,0,"[PKT #34] PKT:34,A:10.27/0.66/-1.23,G:-0.06/-0.12/0.50,T:35.1,P:985.1,H:236.6,IR:34.4/34.0,SPEC:3992/97.5,GPS:12.975257/79.093851/242.6,SAT:7"
2026-09-18T21:02:24.652519,1789745544.652519,35,Serial,10.26,0.63,-1.2,-0.06,-0.12,0.5,35.1,985.2,236.5,34.4,34.0,-0.4,4003,3.23,97.8,12.975248,79.09385,242.8,7,0,0.0,0,"[PKT #35] PKT:35,A:10.26/0.63/-1.20,G:-0.06/-0.12/0.50,T:35.1,P:985.2,H:236.5,IR:34.4/34.0,SPEC:4003/97.8,GPS:12.975248/79.093850/242.8,SAT:7"
2026-09-18T21:02:25.652277,1789745545.652277,36,Serial,10.3,0.62,-1.22,-0.06,-0.12,0.5,35.1,985.1,236.7,34.4,34.0,-0.4,3989,3.21,97.4,12.975217,79.093837,244.2,8,0,0.0,0,"[PKT #36] PKT:36,A:10.30/0.62/-1.22,G:-0.06/-0.12/0.50,T:35.1,P:985.1,H:236.7,IR:34.4/34.0,SPEC:3989/97.4,GPS:12.975217/79.093837/244.2,SAT:8"
2026-09-18T21:02:26.652506,1789745546.6525056,37,Serial,10.29,0.64,-1.21,-0.06,-0.11,0.5,35.1,985.2,236.6,34.4,34.0,-0.4,4030,3.25,98.4,12.9752,79.093841,245.3,6,0,0.0,0,"[PKT #37] PKT:37,A:10.29/0.64/-1.21,G:-0.06/-0.11/0.50,T:35.1,P:985.2,H:236.6,IR:34.4/34.0,SPEC:4030/98.4,GPS:12.975200/79.093841/245.3,SAT:6"
2026-09-18T21:02:27.652315,1789745547.6523151,38,Serial,10.28,0.64,-1.23,-0.06,-0.12,0.5,35.1,985.1,236.7,34.4,34.0,-0.4,4009,3.23,97.9,12.975182,79.093845,246.2,6,0,0.0,0,"[PKT #38] PKT:38,A:10.28/0.64/-1.23,G:-0.06/-0.12/0.50,T:35.1,P:985.1,H:236.7,IR:34.4/34.0,SPEC:4009/97.9,GPS:12.975182/79.093845/246.2,SAT:6"
2026-09-18T21:02:28.652180,1789745548.65218,39,Serial,10.26,0.63,-1.21,-0.06,-0.12,0.5,35.1,985.2,236.5,34.4,34.0,-0.4,4014,3.23,98.0,12.975168,79.093847,247.0,7,0,0.0,0,"[PKT #39] PKT:39,A:10.26/0.63/-1.21,G:-0.06/-0.12/0.50,T:35.1,P:985.2,H:236.5,IR:34.4/34.0,SPEC:4014/98.0,GPS:12.975168/79.093847/247.0,SAT:7"
2026-09-18T21:02:29.652189,1789745549.652189,40,Serial,10.29,0.62,-1.18,-0.06,-0.12,0.5,35.1,985.2,236.4,34.4,34.0,-0.4,4021,3.24,98.2,12.975162,79.093836,247.5,7,0,0.0,0,"[PKT #40] PKT:40,A:10.29/0.62/-1.18,G:-0.06/-0.12/0.50,T:35.1,P:985.2,H:236.4,IR:34.4/34.0,SPEC:4021/98.2,GPS:12.975162/79.093836/247.5,SAT:7"
2026-09-18T21:02:30.652563,1789745550.6525626,41,Serial,10.29,0.65,-1.23,-0.06,-0.12,0.5,35.1,985.2,236.4,34.4,34.0,-0.4,4018,3.24,98.1,12.975157,79.093826,247.8,7,0,0.0,0,"[PKT #41] PKT:41,A:10.29/0.65/-1.23,G:-0.06/-0.12/0.50,T:35.1,P:985.2,H:236.4,IR:34.4/34.0,SPEC:4018/98.1,GPS:12.975157/79.093826/247.8,SAT:7"
2026-09-18T21:02:31.652214,1789745551.6522138,42,Serial,10.3,0.63,-1.19,-0.06,-0.12,0.5,35.1,985.2,236.6,34.4,33.9,-0.5,4013,3.23,98.0,12.97515,79.09383,248.3,5,0,0.0,0,"[PKT #42] PKT:42,A:10.30/0.63/-1.19,G:-0.06/-0.12/0.50,T:35.1,P:985.2,H:236.6,IR:34.4/33.9,SPEC:4013/98.0,GPS:12.975150/79.093830/248.3,SAT:5"
2026-09-18T21:02:32.652871,1789745552.652871,43,Serial,10.26,0.64,-1.21,-0.06,-0.12,0.5,35.1,985.2,236.5,34.4,33.9,-0.5,4024,3.24,98.3,12.975155,79.093829,249.1,6,0,0.0,0,"[PKT #43] PKT:43,A:10.26/0.64/-1.21,G:-0.06/-0.12/0.50,T:35.1,P:985.2,H:236.5,IR:34.4/33.9,SPEC:4024/98.3,GPS:12.975155/79.093829/249.1,SAT:6"
2026-09-18T21:02:33.653003,1789745553.6530032,44,Serial,10.29,0.66,-1.18,-0.06,-0.12,0.5,35.1,985.1,236.7,34.4,34.0,-0.4,4014,3.23,98.0,12.97512,79.093879,250.9,8,0,0.0,0,"[PKT #44] PKT:44,A:10.29/0.66/-1.18,G:-0.06/-0.12/0.50,T:35.1,P:985.1,H:236.7,IR:34.4/34.0,SPEC:4014/98.0,GPS:12.975120/79.093879/250.9,SAT:8"
2026-09-18T21:02:34.652370,1789745554.6523705,45,Serial,10.3,0.64,-1.21,-0.06,-0.12,0.5,35.1,985.2,236.6,34.4,34.0,-0.4,4028,3.25,98.4,12.975079,79.093912,251.7,9,0,0.0,0,"[PKT #45] PKT:45,A:10.30/0.64/-1.21,G:-0.06/-0.12/0.50,T:35.1,P:985.2,H:236.6,IR:34.4/34.0,SPEC:4028/98.4,GPS:12.975079/79.093912/251.7,SAT:9"
2026-09-18T21:02:35.659433,1789745555.6594326,46,Serial,10.3,0.63,-1.19,-0.06,-0.12,0.5,35.1,985.2,236.3,34.4,33.9,-0.5,4031,3.25,98.4,12.975064,79.093938,252.6,10,0,0.0,0,"[PKT #46] PKT:46,A:10.30/0.63/-1.19,G:-0.06/-0.12/0.50,T:35.1,P:985.2,H:236.3,IR:34.4/33.9,SPEC:4031/98.4,GPS:12.975064/79.093938/252.6,SAT:10"
2026-09-18T21:02:36.653598,1789745556.653598,47,Serial,10.29,0.65,-1.19,-0.06,-0.12,0.5,35.1,985.1,236.6,34.4,34.0,-0.4,4029,3.25,98.4,12.975051,79.093954,253.1,9,0,0.0,0,"[PKT #47] PKT:47,A:10.29/0.65/-1.19,G:-0.06/-0.12/0.50,T:35.1,P:985.1,H:236.6,IR:34.4/34.0,SPEC:4029/98.4,GPS:12.975051/79.093954/253.1,SAT:9"
2026-09-18T21:02:37.652274,1789745557.6522741,48,Serial,10.29,0.64,-1.22,-0.06,-0.12,0.5,35.1,985.1,236.7,34.4,33.9,-0.5,4027,3.25,98.3,12.97504,79.093928,252.7,8,0,0.0,0,"[PKT #48] PKT:48,A:10.29/0.64/-1.22,G:-0.06/-0.12/0.50,T:35.1,P:985.1,H:236.7,IR:34.4/33.9,SPEC:4027/98.3,GPS:12.975040/79.093928/252.7,SAT:8"
2026-09-18T21:02:38.652313,1789745558.6523132,49,Serial,10.28,0.63,-1.19,-0.06,-0.12,0.5,35.1,985.2,236.5,34.4,34.0,-0.4,4038,3.25,98.6,12.975053,79.093934,252.9,9,0,0.0,0,"[PKT #49] PKT:49,A:10.28/0.63/-1.19,G:-0.06/-0.12/0.50,T:35.1,P:985.2,H:236.5,IR:34.4/34.0,SPEC:4038/98.6,GPS:12.975053/79.093934/252.9,SAT:9"
2026-09-18T21:02:39.658234,1789745559.6582344,50,Serial,10.3,0.62,-1.23,-0.06,-0.12,0.5,35.1,985.2,236.6,34.4,33.8,-0.6,4046,3.26,98.8,12.975062,79.093898,253.0,10,0,0.0,0,"[PKT #50] PKT:50,A:10.30/0.62/-1.23,G:-0.06/-0.12/0.50,T:35.1,P:985.2,H:236.6,IR:34.4/33.8,SPEC:4046/98.8,GPS:12.975062/79.093898/253.0,SAT:10"
2026-09-18T21:02:40.652516,1789745560.652516,51,Serial,10.27,0.67,-1.18,-0.06,-0.12,0.5,35.1,985.1,236.7,34.4,33.8,-0.6,4032,3.25,98.5,12.975078,79.093896,253.1,9,0,0.0,0,"[PKT #51] PKT:51,A:10.27/0.67/-1.18,G:-0.06/-0.12/0.50,T:35.1,P:985.1,H:236.7,IR:34.4/33.8,SPEC:4032/98.5,GPS:12.975078/79.093896/253.1,SAT:9"
2026-09-18T21:02:41.652607,1789745561.652607,52,Serial,10.29,0.63,-1.24,-0.06,-0.12,0.5,35.1,985.2,236.5,34.4,33.8,-0.6,4018,3.24,98.1,12.975091,79.093911,252.9,9,0,0.0,0,"[PKT #52] PKT:52,A:10.29/0.63/-1.24,G:-0.06/-0.12/0.50,T:35.1,P:985.2,H:236.5,IR:34.4/33.8,SPEC:4018/98.1,GPS:12.975091/79.093911/252.9,SAT:9"
2026-09-18T21:02:42.652180,1789745562.65218,53,Serial,10.29,0.64,-1.17,-0.06,-0.12,0.5,35.1,985.2,236.4,34.4,33.8,-0.6,4006,3.23,97.8,12.975106,79.093912,252.5,9,0,0.0,0,"[PKT #53] PKT:53,A:10.29/0.64/-1.17,G:-0.06/-0.12/0.50,T:35.1,P:985.2,H:236.4,IR:34.4/33.8,SPEC:4006/97.8,GPS:12.975106/79.093912/252.5,SAT:9"
2026-09-18T21:02:43.652044,1789745563.652044,54,Serial,10.28,0.64,-1.23,-0.06,-0.12,0.5,35.1,985.2,236.4,34.4,34.0,-0.4,3953,3.19,96.5,12.975112,79.093901,252.3,9,0,0.0,0,"[PKT #54] PKT:54,A:10.28/0.64/-1.23,G:-0.06/-0.12/0.50,T:35.1,P:985.2,H:236.4,IR:34.4/34.0,SPEC:3953/96.5,GPS:12.975112/79.093901/252.3,SAT:9"
2026-09-18T21:02:44.652865,1789745564.6528647,55,Serial,10.28,0.65,-1.2,-0.06,-0.12,0.5,35.1,985.2,236.3,34.4,33.9,-0.5,4021,3.24,98.2,12.975131,79.093891,252.1,7,0,0.0,0,"[PKT #55] PKT:55,A:10.28/0.65/-1.20,G:-0.06/-0.12/0.50,T:35.1,P:985.2,H:236.3,IR:34.4/33.9,SPEC:4021/98.2,GPS:12.975131/79.093891/252.1,SAT:7"
2026-09-18T21:02:45.651845,1789745565.6518455,56,Serial,10.28,0.66,-1.23,-0.06,-0.12,0.5,35.1,985.2,236.5,34.4,33.9,-0.5,4008,3.23,97.9,12.975145,79.093872,251.7,7,0,0.0,0,"[PKT #56] PKT:56,A:10.28/0.66/-1.23,G:-0.06/-0.12/0.50,T:35.1,P:985.2,H:236.5,IR:34.4/33.9,SPEC:4008/97.9,GPS:12.975145/79.093872/251.7,SAT:7"
2026-09-18T21:02:46.651993,1789745566.6519928,57,Serial,10.29,0.67,-1.22,-0.06,-0.11,0.5,35.1,985.2,236.5,34.5,33.8,-0.7,4018,3.24,98.1,12.975152,79.093838,251.5,7,0,0.0,0,"[PKT #57] PKT:57,A:10.29/0.67/-1.22,G:-0.06/-0.11/0.50,T:35.1,P:985.2,H:236.5,IR:34.5/33.8,SPEC:4018/98.1,GPS:12.975152/79.093838/251.5,SAT:7"
2026-09-18T21:02:47.651605,1789745567.651605,58,Serial,10.28,0.63,-1.21,-0.06,-0.12,0.5,35.1,985.2,236.4,34.4,33.7,-0.7,4057,3.27,99.1,12.975151,79.09382,251.5,8,0,0.0,0,"[PKT #58] PKT:58,A:10.28/0.63/-1.21,G:-0.06/-0.12/0.50,T:35.1,P:985.2,H:236.4,IR:34.4/33.7,SPEC:4057/99.1,GPS:12.975151/79.093820/251.5,SAT:8"
2026-09-18T21:02:48.651653,1789745568.6516528,59,Serial,10.28,0.68,-1.19,-0.06,-0.12,0.5,35.1,985.2,236.4,34.4,33.7,-0.7,4013,3.23,98.0,12.975162,79.0938,251.7,8,0,0.0,0,"[PKT #59] PKT:59,A:10.28/0.68/-1.19,G:-0.06/-0.12/0.50,T:35.1,P:985.2,H:236.4,IR:34.4/33.7,SPEC:4013/98.0,GPS:12.975162/79.093800/251.7,SAT:8"
2026-09-18T21:02:49.652987,1789745569.6529872,60,Serial,10.3,0.6,-1.19,-0.06,-0.12,0.5,35.1,985.2,236.1,34.4,33.8,-0.6,4022,3.24,98.2,12.975177,79.093781,252.4,8,0,0.0,0,"[PKT #60] PKT:60,A:10.30/0.60/-1.19,G:-0.06/-0.12/0.50,T:35.1,P:985.2,H:236.1,IR:34.4/33.8,SPEC:4022/98.2,GPS:12.975177/79.093781/252.4,SAT:8"
2026-09-18T21:02:50.651780,1789745570.6517797,61,Serial,10.3,0.63,-1.2,-0.06,-0.12,0.5,35.1,985.2,236.4,34.4,33.8,-0.6,3970,3.2,96.9,12.97518,79.093771,252.8,7,0,0.0,0,"[PKT #61] PKT:61,A:10.30/0.63/-1.20,G:-0.06/-0.12/0.50,T:35.1,P:985.2,H:236.4,IR:34.4/33.8,SPEC:3970/96.9,GPS:12.975180/79.093771/252.8,SAT:7"
2026-09-18T21:02:51.652484,1789745571.6524837,62,Serial,10.3,0.67,-1.2,-0.07,-0.11,0.5,35.1,985.2,236.1,34.4,33.8,-0.6,3998,3.22,97.6,12.975185,79.093768,252.7,8,0,0.0,0,"[PKT #62] PKT:62,A:10.30/0.67/-1.20,G:-0.07/-0.11/0.50,T:35.1,P:985.2,H:236.1,IR:34.4/33.8,SPEC:3998/97.6,GPS:12.975185/79.093768/252.7,SAT:8"
2026-09-18T21:02:52.652331,1789745572.6523314,63,Serial,10.3,0.64,-1.22,-0.06,-0.12,0.5,35.1,985.2,236.3,34.4,33.8,-0.6,4049,3.26,98.9,12.975193,79.09377,252.7,9,0,0.0,0,"[PKT #63] PKT:63,A:10.30/0.64/-1.22,G:-0.06/-0.12/0.50,T:35.1,P:985.2,H:236.3,IR:34.4/33.8,SPEC:4049/98.9,GPS:12.975193/79.093770/252.7,SAT:9"
2026-09-18T21:02:53.652726,1789745573.6527262,64,Serial,10.28,0.61,-1.22,-0.06,-0.12,0.5,35.1,985.2,236.4,34.4,33.8,-0.6,4012,3.23,98.0,12.975208,79.093777,252.7,8,0,0.0,0,"[PKT #64] PKT:64,A:10.28/0.61/-1.22,G:-0.06/-0.12/0.50,T:35.1,P:985.2,H:236.4,IR:34.4/33.8,SPEC:4012/98.0,GPS:12.975208/79.093777/252.7,SAT:8"
2026-09-18T21:02:54.651868,1789745574.6518679,65,Serial,10.3,0.63,-1.2,-0.06,-0.12,0.5,35.1,985.2,236.6,34.4,33.8,-0.6,4026,3.24,98.3,12.97521,79.093779,252.2,8,0,0.0,0,"[PKT #65] PKT:65,A:10.30/0.63/-1.20,G:-0.06/-0.12/0.50,T:35.1,P:985.2,H:236.6,IR:34.4/33.8,SPEC:4026/98.3,GPS:12.975210/79.093779/252.2,SAT:8"
2026-09-18T21:02:55.651613,1789745575.651613,66,Serial,10.3,0.65,-1.3,-0.06,-0.12,0.5,35.1,985.2,236.3,34.4,33.8,-0.6,4009,3.23,97.9,12.975221,79.093795,252.2,6,0,0.0,0,"[PKT #66] PKT:66,A:10.30/0.65/-1.30,G:-0.06/-0.12/0.50,T:35.1,P:985.2,H:236.3,IR:34.4/33.8,SPEC:4009/97.9,GPS:12.975221/79.093795/252.2,SAT:6"
2026-09-18T21:02:56.651571,1789745576.6515708,67,Serial,10.27,0.63,-1.22,-0.06,-0.12,0.5,35.1,985.2,236.4,34.4,33.8,-0.6,4023,3.24,98.2,12.97522,79.093801,252.1,6,0,0.0,0,"[PKT #67] PKT:67,A:10.27/0.63/-1.22,G:-0.06/-0.12/0.50,T:35.1,P:985.2,H:236.4,IR:34.4/33.8,SPEC:4023/98.2,GPS:12.975220/79.093801/252.1,SAT:6"
2026-09-18T21:02:57.652089,1789745577.6520889,68,Serial,10.29,0.52,-1.18,-0.06,-0.12,0.5,35.1,985.2,236.3,34.4,33.8,-0.6,4026,3.24,98.3,12.975215,79.093807,252.0,8,0,0.0,0,"[PKT #68] PKT:68,A:10.29/0.52/-1.18,G:-0.06/-0.12/0.50,T:35.1,P:985.2,H:236.3,IR:34.4/33.8,SPEC:4026/98.3,GPS:12.975215/79.093807/252.0,SAT:8"
2026-09-18T21:02:58.651309,1789745578.6513093,69,Serial,10.3,0.65,-1.21,-0.06,-0.11,0.5,35.1,985.2,235.9,34.4,33.8,-0.6,4023,3.24,98.2,12.975222,79.093838,252.8,9,0,0.0,0,"[PKT #69] PKT:69,A:10.30/0.65/-1.21,G:-0.06/-0.11/0.50,T:35.1,P:985.2,H:235.9,IR:34.4/33.8,SPEC:4023/98.2,GPS:12.975222/79.093838/252.8,SAT:9"
2026-09-18T21:02:59.651856,1789745579.6518557,70,Serial,10.27,0.67,-1.19,-0.06,-0.12,0.5,35.1,985.2,236.3,34.4,33.8,-0.6,4028,3.25,98.4,12.975233,79.093855,253.4,8,0,0.0,0,"[PKT #70] PKT:70,A:10.27/0.67/-1.19,G:-0.06/-0.12/0.50,T:35.1,P:985.2,H:236.3,IR:34.4/33.8,SPEC:4028/98.4,GPS:12.975233/79.093855/253.4,SAT:8"
2026-09-18T21:03:00.658523,1789745580.658523,71,Serial,10.28,0.62,-1.19,-0.07,-0.12,0.5,35.1,985.2,236.3,34.4,33.8,-0.6,3998,3.22,97.6,12.975256,79.093853,254.1,10,0,0.0,0,"[PKT #71] PKT:71,A:10.28/0.62/-1.19,G:-0.07/-0.12/0.50,T:35.1,P:985.2,H:236.3,IR:34.4/33.8,SPEC:3998/97.6,GPS:12.975256/79.093853/254.1,SAT:10"
2026-09-18T21:03:01.658487,1789745581.6584873,72,Serial,10.29,0.63,-1.23,-0.06,-0.12,0.5,35.1,985.2,236.3,34.4,33.8,-0.6,4008,3.23,97.9,12.975304,79.0939,252.6,10,0,0.0,0,"[PKT #72] PKT:72,A:10.29/0.63/-1.23,G:-0.06/-0.12/0.50,T:35.1,P:985.2,H:236.3,IR:34.4/33.8,SPEC:4008/97.9,GPS:12.975304/79.093900/252.6,SAT:10"
2026-09-18T21:03:02.658410,1789745582.6584098,73,Serial,10.27,0.63,-1.15,-0.06,-0.11,0.5,35.1,985.2,236.3,34.4,33.9,-0.5,4035,3.25,98.5,12.975342,79.093936,251.1,10,0,0.0,0,"[PKT #73] PKT:73,A:10.27/0.63/-1.15,G:-0.06/-0.11/0.50,T:35.1,P:985.2,H:236.3,IR:34.4/33.9,SPEC:4035/98.5,GPS:12.975342/79.093936/251.1,SAT:10"
2026-09-18T21:03:03.652208,1789745583.6522079,74,Serial,10.28,0.65,-1.15,-0.06,-0.11,0.5,35.1,985.1,236.7,34.4,33.8,-0.6,4033,3.25,98.5,12.975376,79.093975,250.0,9,0,0.0,0,"[PKT #74] PKT:74,A:10.28/0.65/-1.15,G:-0.06/-0.11/0.50,T:35.1,P:985.1,H:236.7,IR:34.4/33.8,SPEC:4033/98.5,GPS:12.975376/79.093975/250.0,SAT:9"
2026-09-18T21:03:04.651751,1789745584.6517508,75,Serial,10.32,0.64,-1.19,-0.06,-0.12,0.5,35.1,985.2,236.2,34.4,33.8,-0.6,4031,3.25,98.4,12.975416,79.094004,248.6,9,0,0.0,0,"[PKT #75] PKT:75,A:10.32/0.64/-1.19,G:-0.06/-0.12/0.50,T:35.1,P:985.2,H:236.2,IR:34.4/33.8,SPEC:4031/98.4,GPS:12.975416/79.094004/248.6,SAT:9"
2026-09-18T21:03:05.651117,1789745585.6511173,76,Serial,10.27,0.66,-1.19,-0.06,-0.12,0.5,35.1,985.2,236.4,34.5,33.8,-0.7,4029,3.25,98.4,12.97544,79.09403,247.7,9,0,0.0,0,"[PKT #76] PKT:76,A:10.27/0.66/-1.19,G:-0.06/-0.12/0.50,T:35.1,P:985.2,H:236.4,IR:34.5/33.8,SPEC:4029/98.4,GPS:12.975440/79.094030/247.7,SAT:9"
2026-09-18T21:03:06.652055,1789745586.6520553,77,Serial,10.3,0.63,-1.21,-0.06,-0.12,0.5,35.2,985.2,236.6,34.4,34.0,-0.4,4025,3.24,98.3,12.975454,79.094038,247.0,9,0,0.0,0,"[PKT #77] PKT:77,A:10.30/0.63/-1.21,G:-0.06/-0.12/0.50,T:35.2,P:985.2,H:236.6,IR:34.4/34.0,SPEC:4025/98.3,GPS:12.975454/79.094038/247.0,SAT:9"
2026-09-18T21:03:07.652117,1789745587.652117,78,Serial,10.26,0.63,-1.19,-0.07,-0.12,0.5,35.1,985.2,236.5,34.4,33.8,-0.6,4012,3.23,98.0,12.975483,79.09403,247.1,9,0,0.0,0,"[PKT #78] PKT:78,A:10.26/0.63/-1.19,G:-0.07/-0.12/0.50,T:35.1,P:985.2,H:236.5,IR:34.4/33.8,SPEC:4012/98.0,GPS:12.975483/79.094030/247.1,SAT:9"
2026-09-18T21:03:08.651645,1789745588.6516454,79,Serial,10.29,0.66,-1.21,-0.06,-0.12,0.5,35.1,985.1,236.8,34.4,33.7,-0.7,4007,3.23,97.9,12.975494,79.094,247.9,8,0,0.0,0,"[PKT #79] PKT:79,A:10.29/0.66/-1.21,G:-0.06/-0.12/0.50,T:35.1,P:985.1,H:236.8,IR:34.4/33.7,SPEC:4007/97.9,GPS:12.975494/79.094000/247.9,SAT:8"
2026-09-18T21:03:09.650814,1789745589.6508143,80,Serial,10.28,0.65,-1.22,-0.06,-0.12,0.5,35.2,985.1,236.7,34.4,33.8,-0.6,4012,3.23,98.0,12.975501,79.093984,248.5,8,0,0.0,0,"[PKT #80] PKT:80,A:10.28/0.65/-1.22,G:-0.06/-0.12/0.50,T:35.2,P:985.1,H:236.7,IR:34.4/33.8,SPEC:4012/98.0,GPS:12.975501/79.093984/248.5,SAT:8"
2026-09-18T21:03:10.650660,1789745590.6506598,81,Serial,10.27,0.66,-1.2,-0.06,-0.12,0.5,35.1,985.2,236.5,34.4,33.8,-0.6,4037,3.25,98.6,12.975491,79.09398,249.6,8,0,0.0,0,"[PKT #81] PKT:81,A:10.27/0.66/-1.20,G:-0.06/-0.12/0.50,T:35.1,P:985.2,H:236.5,IR:34.4/33.8,SPEC:4037/98.6,GPS:12.975491/79.093980/249.6,SAT:8"
2026-09-18T21:03:11.650701,1789745591.650701,82,Serial,10.3,0.61,-1.21,-0.06,-0.12,0.5,35.2,985.2,236.4,34.4,34.0,-0.4,4007,3.23,97.9,12.975486,79.093974,250.1,7,0,0.0,0,"[PKT #82] PKT:82,A:10.30/0.61/-1.21,G:-0.06/-0.12/0.50,T:35.2,P:985.2,H:236.4,IR:34.4/34.0,SPEC:4007/97.9,GPS:12.975486/79.093974/250.1,SAT:7"
2026-09-18T21:03:12.651048,1789745592.651048,83,Serial,10.29,0.64,-1.21,-0.06,-0.12,0.5,35.2,985.1,236.7,34.4,34.0,-0.4,4031,3.25,98.4,12.975483,79.093958,250.9,7,0,0.0,0,"[PKT #83] PKT:83,A:10.29/0.64/-1.21,G:-0.06/-0.12/0.50,T:35.2,P:985.1,H:236.7,IR:34.4/34.0,SPEC:4031/98.4,GPS:12.975483/79.093958/250.9,SAT:7"
2026-09-18T21:03:13.651009,1789745593.6510088,84,Serial,10.28,0.62,-1.21,-0.07,-0.12,0.5,35.2,985.2,236.4,34.4,33.9,-0.5,4025,3.24,98.3,12.975485,79.093943,251.9,7,0,0.0,0,"[PKT #84] PKT:84,A:10.28/0.62/-1.21,G:-0.07/-0.12/0.50,T:35.2,P:985.2,H:236.4,IR:34.4/33.9,SPEC:4025/98.3,GPS:12.975485/79.093943/251.9,SAT:7"
2026-09-18T21:03:14.651551,1789745594.6515505,85,Serial,10.29,0.66,-1.19,-0.06,-0.12,0.5,35.2,985.2,236.4,34.4,33.9,-0.5,4014,3.23,98.0,12.975477,79.093938,252.3,7,0,0.0,0,"[PKT #85] PKT:85,A:10.29/0.66/-1.19,G:-0.06/-0.12/0.50,T:35.2,P:985.2,H:236.4,IR:34.4/33.9,SPEC:4014/98.0,GPS:12.975477/79.093938/252.3,SAT:7"
2026-09-18T21:03:15.650906,1789745595.6509063,86,Serial,10.29,0.62,-1.21,-0.06,-0.12,0.5,35.2,985.2,236.6,34.4,34.0,-0.4,4060,3.27,99.1,12.975469,79.093929,252.8,7,0,0.0,0,"[PKT #86] PKT:86,A:10.29/0.62/-1.21,G:-0.06/-0.12/0.50,T:35.2,P:985.2,H:236.6,IR:34.4/34.0,SPEC:4060/99.1,GPS:12.975469/79.093929/252.8,SAT:7"
2026-09-18T21:03:16.651199,1789745596.6511986,87,Serial,10.3,0.68,-1.21,-0.06,-0.12,0.5,35.2,985.2,236.5,34.4,33.8,-0.6,4013,3.23,98.0,12.975472,79.093928,253.2,7,0,0.0,0,"[PKT #87] PKT:87,A:10.30/0.68/-1.21,G:-0.06/-0.12/0.50,T:35.2,P:985.2,H:236.5,IR:34.4/33.8,SPEC:4013/98.0,GPS:12.975472/79.093928/253.2,SAT:7"
2026-09-18T21:03:17.651270,1789745597.6512704,88,Serial,10.26,0.62,-1.19,-0.06,-0.11,0.5,35.2,985.2,236.3,34.4,33.8,-0.6,4051,3.26,98.9,12.975485,79.093911,253.3,8,0,0.0,0,"[PKT #88] PKT:88,A:10.26/0.62/-1.19,G:-0.06/-0.11/0.50,T:35.2,P:985.2,H:236.3,IR:34.4/33.8,SPEC:4051/98.9,GPS:12.975485/79.093911/253.3,SAT:8"
2026-09-18T21:03:18.651401,1789745598.6514006,89,Serial,10.26,0.65,-1.23,-0.06,-0.12,0.5,35.2,985.2,236.3,34.4,33.8,-0.6,3992,3.22,97.5,12.975495,79.093885,253.5,8,0,0.0,0,"[PKT #89] PKT:89,A:10.26/0.65/-1.23,G:-0.06/-0.12/0.50,T:35.2,P:985.2,H:236.3,IR:34.4/33.8,SPEC:3992/97.5,GPS:12.975495/79.093885/253.5,SAT:8"
2026-09-18T21:03:19.650713,1789745599.6507132,90,Serial,10.3,0.64,-1.23,-0.06,-0.12,0.5,35.2,985.2,236.3,34.4,33.7,-0.7,4030,3.25,98.4,12.975498,79.09387,252.8,9,0,0.0,0,"[PKT #90] PKT:90,A:10.30/0.64/-1.23,G:-0.06/-0.12/0.50,T:35.2,P:985.2,H:236.3,IR:34.4/33.7,SPEC:4030/98.4,GPS:12.975498/79.093870/252.8,SAT:9"
2026-09-18T21:03:20.651413,1789745600.6514127,91,Serial,10.3,0.65,-1.21,-0.06,-0.12,0.5,35.2,985.2,236.4,34.4,33.8,-0.6,4028,3.25,98.4,12.975505,79.093852,252.7,7,0,0.0,0,"[PKT #91] PKT:91,A:10.30/0.65/-1.21,G:-0.06/-0.12/0.50,T:35.2,P:985.2,H:236.4,IR:34.4/33.8,SPEC:4028/98.4,GPS:12.975505/79.093852/252.7,SAT:7"
2026-09-18T21:03:21.650707,1789745601.6507072,92,Serial,10.29,0.64,-1.19,-0.06,-0.12,0.5,35.2,985.2,236.5,34.4,33.9,-0.5,4041,3.26,98.7,12.975517,79.09383,252.6,6,0,0.0,0,"[PKT #92] PKT:92,A:10.29/0.64/-1.19,G:-0.06/-0.12/0.50,T:35.2,P:985.2,H:236.5,IR:34.4/33.9,SPEC:4041/98.7,GPS:12.975517/79.093830/252.6,SAT:6"
2026-09-18T21:03:22.651362,1789745602.6513624,93,Serial,10.3,0.65,-1.21,-0.06,-0.12,0.5,35.2,985.2,236.4,34.4,33.9,-0.5,4035,3.25,98.5,12.975535,79.093803,252.2,6,0,0.0,0,"[PKT #93] PKT:93,A:10.30/0.65/-1.21,G:-0.06/-0.12/0.50,T:35.2,P:985.2,H:236.4,IR:34.4/33.9,SPEC:4035/98.5,GPS:12.975535/79.093803/252.2,SAT:6"
2026-09-18T21:03:23.650446,1789745603.6504462,94,Serial,10.29,0.65,-1.21,-0.06,-0.12,0.5,35.2,985.2,236.5,34.4,33.9,-0.5,4048,3.26,98.9,12.975544,79.093788,251.7,6,0,0.0,0,"[PKT #94] PKT:94,A:10.29/0.65/-1.21,G:-0.06/-0.12/0.50,T:35.2,P:985.2,H:236.5,IR:34.4/33.9,SPEC:4048/98.9,GPS:12.975544/79.093788/251.7,SAT:6"
2026-09-18T21:03:24.650456,1789745604.6504564,95,Serial,10.31,0.64,-1.21,-0.06,-0.12,0.5,35.2,985.2,236.3,34.4,33.9,-0.5,4022,3.24,98.2,12.975552,79.09377,251.4,6,0,0.0,0,"[PKT #95] PKT:95,A:10.31/0.64/-1.21,G:-0.06/-0.12/0.50,T:35.2,P:985.2,H:236.3,IR:34.4/33.9,SPEC:4022/98.2,GPS:12.975552/79.093770/251.4,SAT:6"
2026-09-18T21:03:25.650757,1789745605.6507573,96,Serial,10.31,0.65,-1.21,-0.06,-0.12,0.5,35.2,985.2,236.3,34.4,33.9,-0.5,4002,3.23,97.7,12.975564,79.093754,251.2,6,0,0.0,0,"[PKT #96] PKT:96,A:10.31/0.65/-1.21,G:-0.06/-0.12/0.50,T:35.2,P:985.2,H:236.3,IR:34.4/33.9,SPEC:4002/97.7,GPS:12.975564/79.093754/251.2,SAT:6"
2026-09-18T21:03:26.681201,1789745606.681201,97,Serial,10.28,0.63,-1.18,-0.06,-0.12,0.5,35.2,985.2,236.4,34.4,33.9,-0.5,4029,3.25,98.4,12.975555,79.093752,251.2,5,0,0.0,0,"[PKT #97] PKT:97,A:10.28/0.63/-1.18,G:-0.06/-0.12/0.50,T:35.2,P:985.2,H:236.4,IR:34.4/33.9,SPEC:4029/98.4,GPS:12.975555/79.093752/251.2,SAT:5"
2026-09-18T21:03:27.651878,1789745607.651878,98,Serial,10.26,0.63,-1.19,-0.06,-0.12,0.5,35.2,985.2,236.3,34.4,33.9,-0.5,4022,3.24,98.2,12.975542,79.093748,250.2,7,0,0.0,0,"[PKT #98] PKT:98,A:10.26/0.63/-1.19,G:-0.06/-0.12/0.50,T:35.2,P:985.2,H:236.3,IR:34.4/33.9,SPEC:4022/98.2,GPS:12.975542/79.093748/250.2,SAT:7"
2026-09-18T21:03:28.650856,1789745608.6508558,99,Serial,10.28,0.64,-1.18,-0.06,-0.12,0.5,35.2,985.2,236.2,34.4,34.0,-0.4,4015,3.24,98.0,12.975529,79.093748,249.5,7,0,0.0,0,"[PKT #99] PKT:99,A:10.28/0.64/-1.18,G:-0.06/-0.12/0.50,T:35.2,P:985.2,H:236.2,IR:34.4/34.0,SPEC:4015/98.0,GPS:12.975529/79.093748/249.5,SAT:7"
2026-09-18T21:03:29.657535,1789745609.657535,100,Serial,10.28,0.66,-1.22,-0.06,-0.11,0.5,35.2,985.2,236.1,34.5,34.0,-0.5,4001,3.22,97.7,12.975513,79.09375,248.7,6,0,0.0,0,"[PKT #100] PKT:100,A:10.28/0.66/-1.22,G:-0.06/-0.11/0.50,T:35.2,P:985.2,H:236.1,IR:34.5/34.0,SPEC:4001/97.7,GPS:12.975513/79.093750/248.7,SAT:6"
2026-09-18T21:03:30.658235,1789745610.6582348,101,Serial,10.28,0.63,-1.19,-0.06,-0.12,0.5,35.2,985.2,236.2,34.4,34.0,-0.4,4026,3.24,98.3,12.975516,79.093747,248.2,6,0,0.0,0,"[PKT #101] PKT:101,A:10.28/0.63/-1.19,G:-0.06/-0.12/0.50,T:35.2,P:985.2,H:236.2,IR:34.4/34.0,SPEC:4026/98.3,GPS:12.975516/79.093747/248.2,SAT:6"
2026-09-18T21:03:31.657369,1789745611.6573694,102,Serial,10.29,0.64,-1.2,-0.06,-0.12,0.5,35.2,985.2,236.2,34.5,33.9,-0.6,4012,3.23,98.0,12.975498,79.093756,247.3,6,0,0.0,0,"[PKT #102] PKT:102,A:10.29/0.64/-1.20,G:-0.06/-0.12/0.50,T:35.2,P:985.2,H:236.2,IR:34.5/33.9,SPEC:4012/98.0,GPS:12.975498/79.093756/247.3,SAT:6"
2026-09-18T21:03:32.657496,1789745612.6574962,103,Serial,10.28,0.64,-1.17,-0.06,-0.12,0.5,35.2,985.2,236.2,34.5,33.9,-0.6,4022,3.24,98.2,12.975479,79.093751,246.7,8,0,0.0,0,"[PKT #103] PKT:103,A:10.28/0.64/-1.17,G:-0.06/-0.12/0.50,T:35.2,P:985.2,H:236.2,IR:34.5/33.9,SPEC:4022/98.2,GPS:12.975479/79.093751/246.7,SAT:8"
2026-09-18T21:03:33.657440,1789745613.6574402,104,Serial,10.27,0.65,-1.21,-0.06,-0.12,0.5,35.2,985.2,236.2,34.5,33.8,-0.7,4036,3.25,98.6,12.975444,79.093757,246.1,9,0,0.0,0,"[PKT #104] PKT:104,A:10.27/0.65/-1.21,G:-0.06/-0.12/0.50,T:35.2,P:985.2,H:236.2,IR:34.5/33.8,SPEC:4036/98.6,GPS:12.975444/79.093757/246.1,SAT:9"
2026-09-18T21:03:34.657463,1789745614.6574626,105,Serial,10.27,0.65,-1.2,-0.06,-0.12,0.5,35.2,985.2,236.3,34.4,33.8,-0.6,4032,3.25,98.5,12.975409,79.093817,246.0,9,0,0.0,0,"[PKT #105] PKT:105,A:10.27/0.65/-1.20,G:-0.06/-0.12/0.50,T:35.2,P:985.2,H:236.3,IR:34.4/33.8,SPEC:4032/98.5,GPS:12.975409/79.093817/246.0,SAT:9"
2026-09-18T21:03:35.657416,1789745615.657416,106,Serial,10.28,0.65,-1.21,-0.06,-0.12,0.5,35.2,985.2,236.5,34.5,33.9,-0.6,4027,3.25,98.3,12.97539,79.093832,244.8,8,0,0.0,0,"[PKT #106] PKT:106,A:10.28/0.65/-1.21,G:-0.06/-0.12/0.50,T:35.2,P:985.2,H:236.5,IR:34.5/33.9,SPEC:4027/98.3,GPS:12.975390/79.093832/244.8,SAT:8"
2026-09-18T21:03:36.657303,1789745616.6573029,107,Serial,10.29,0.66,-1.18,-0.06,-0.12,0.5,35.2,985.2,236.2,34.4,33.8,-0.6,4003,3.23,97.8,12.975372,79.093845,244.1,8,0,0.0,0,"[PKT #107] PKT:107,A:10.29/0.66/-1.18,G:-0.06/-0.12/0.50,T:35.2,P:985.2,H:236.2,IR:34.4/33.8,SPEC:4003/97.8,GPS:12.975372/79.093845/244.1,SAT:8"
2026-09-18T21:03:37.657125,1789745617.6571252,108,Serial,10.3,0.63,-1.21,-0.06,-0.12,0.5,35.2,985.2,236.3,34.5,33.7,-0.8,3984,3.21,97.3,12.975364,79.093849,242.9,8,0,0.0,0,"[PKT #108] PKT:108,A:10.30/0.63/-1.21,G:-0.06/-0.12/0.50,T:35.2,P:985.2,H:236.3,IR:34.5/33.7,SPEC:3984/97.3,GPS:12.975364/79.093849/242.9,SAT:8"
2026-09-18T21:03:38.657691,1789745618.6576912,109,Serial,10.27,0.62,-1.21,-0.06,-0.12,0.5,35.2,985.2,236.3,34.5,33.9,-0.6,4025,3.24,98.3,12.97536,79.093848,242.0,7,0,0.0,0,"[PKT #109] PKT:109,A:10.27/0.62/-1.21,G:-0.06/-0.12/0.50,T:35.2,P:985.2,H:236.3,IR:34.5/33.9,SPEC:4025/98.3,GPS:12.975360/79.093848/242.0,SAT:7"
2026-09-18T21:03:39.657222,1789745619.6572216,110,Serial,10.29,0.63,-1.2,-0.06,-0.12,0.5,35.2,985.2,236.4,34.5,33.8,-0.7,3992,3.22,97.5,12.975362,79.093865,241.6,7,0,0.0,0,"[PKT #110] PKT:110,A:10.29/0.63/-1.20,G:-0.06/-0.12/0.50,T:35.2,P:985.2,H:236.4,IR:34.5/33.8,SPEC:3992/97.5,GPS:12.975362/79.093865/241.6,SAT:7"
2026-09-18T21:03:40.657342,1789745620.6573422,111,Serial,10.3,0.63,-1.24,-0.07,-0.12,0.5,35.2,985.2,236.5,34.4,33.8,-0.6,4017,3.24,98.1,12.975361,79.093863,241.4,6,0,0.0,0,"[PKT #111] PKT:111,A:10.30/0.63/-1.24,G:-0.07/-0.12/0.50,T:35.2,P:985.2,H:236.5,IR:34.4/33.8,SPEC:4017/98.1,GPS:12.975361/79.093863/241.4,SAT:6"
2026-09-18T21:03:41.657059,1789745621.657059,112,Serial,10.27,0.64,-1.23,-0.06,-0.12,0.5,35.2,985.2,236.3,34.4,33.8,-0.6,4029,3.25,98.4,12.975349,79.093885,241.2,8,0,0.0,0,"[PKT #112] PKT:112,A:10.27/0.64/-1.23,G:-0.06/-0.12/0.50,T:35.2,P:985.2,H:236.3,IR:34.4/33.8,SPEC:4029/98.4,GPS:12.975349/79.093885/241.2,SAT:8"
2026-09-18T21:03:42.656884,1789745622.6568842,113,Serial,10.3,0.64,-1.2,-0.06,-0.12,0.5,35.2,985.2,236.4,34.5,33.8,-0.7,4017,3.24,98.1,12.975329,79.093913,241.6,8,0,0.0,0,"[PKT #113] PKT:113,A:10.30/0.64/-1.20,G:-0.06/-0.12/0.50,T:35.2,P:985.2,H:236.4,IR:34.5/33.8,SPEC:4017/98.1,GPS:12.975329/79.093913/241.6,SAT:8"
2026-09-18T21:03:43.657223,1789745623.6572225,114,Serial,10.3,0.64,-1.19,-0.06,-0.12,0.5,35.2,985.2,236.5,34.5,33.8,-0.7,4041,3.26,98.7,12.975313,79.093944,241.8,8,0,0.0,0,"[PKT #114] PKT:114,A:10.30/0.64/-1.19,G:-0.06/-0.12/0.50,T:35.2,P:985.2,H:236.5,IR:34.5/33.8,SPEC:4041/98.7,GPS:12.975313/79.093944/241.8,SAT:8"
2026-09-18T21:03:44.656968,1789745624.6569679,115,Serial,10.28,0.65,-1.21,-0.06,-0.12,0.5,35.2,985.2,236.1,34.5,33.9,-0.6,4037,3.25,98.6,12.975294,79.093961,242.1,8,0,0.0,0,"[PKT #115] PKT:115,A:10.28/0.65/-1.21,G:-0.06/-0.12/0.50,T:35.2,P:985.2,H:236.1,IR:34.5/33.9,SPEC:4037/98.6,GPS:12.975294/79.093961/242.1,SAT:8"
2026-09-18T21:03:45.656132,1789745625.656132,116,Serial,10.24,0.61,-1.03,-0.06,-0.11,0.51,35.2,985.2,236.2,34.5,33.8,-0.7,4011,3.23,97.9,12.975282,79.093968,242.2,8,0,0.0,0,"[PKT #116] PKT:116,A:10.24/0.61/-1.03,G:-0.06/-0.11/0.51,T:35.2,P:985.2,H:236.2,IR:34.5/33.8,SPEC:4011/97.9,GPS:12.975282/79.093968/242.2,SAT:8"
2026-09-18T21:03:46.655276,1789745626.6552763,117,Serial,10.28,0.65,-1.2,-0.06,-0.12,0.5,35.2,985.2,236.2,34.5,33.8,-0.7,4041,3.26,98.7,12.97527,79.093975,242.7,8,0,0.0,0,"[PKT #117] PKT:117,A:10.28/0.65/-1.20,G:-0.06/-0.12/0.50,T:35.2,P:985.2,H:236.2,IR:34.5/33.8,SPEC:4041/98.7,GPS:12.975270/79.093975/242.7,SAT:8"
2026-09-18T21:03:47.656623,1789745627.6566231,118,Serial,10.28,0.63,-1.2,-0.06,-0.12,0.5,35.2,985.2,236.5,34.4,33.8,-0.6,4022,3.24,98.2,12.975269,79.093983,242.6,7,0,0.0,0,"[PKT #118] PKT:118,A:10.28/0.63/-1.20,G:-0.06/-0.12/0.50,T:35.2,P:985.2,H:236.5,IR:34.4/33.8,SPEC:4022/98.2,GPS:12.975269/79.093983/242.6,SAT:7"
2026-09-18T21:03:48.656735,1789745628.656735,119,Serial,10.28,0.65,-1.2,-0.06,-0.12,0.5,35.2,985.2,236.0,34.5,33.9,-0.6,4030,3.25,98.4,12.975271,79.093988,242.4,6,0,0.0,0,"[PKT #119] PKT:119,A:10.28/0.65/-1.20,G:-0.06/-0.12/0.50,T:35.2,P:985.2,H:236.0,IR:34.5/33.9,SPEC:4030/98.4,GPS:12.975271/79.093988/242.4,SAT:6"
2026-09-18T21:03:49.656925,1789745629.6569247,120,Serial,10.28,0.63,-1.2,-0.06,-0.12,0.5,35.2,985.2,236.3,34.4,33.8,-0.6,4030,3.25,98.4,12.975267,79.093982,242.3,6,0,0.0,0,"[PKT #120] PKT:120,A:10.28/0.63/-1.20,G:-0.06/-0.12/0.50,T:35.2,P:985.2,H:236.3,IR:34.4/33.8,SPEC:4030/98.4,GPS:12.975267/79.093982/242.3,SAT:6"
2026-09-18T21:03:50.657207,1789745630.657207,121,Serial,10.27,0.65,-1.19,-0.06,-0.12,0.5,35.2,985.2,236.4,34.4,33.6,-0.8,4033,3.25,98.5,12.975255,79.093992,242.2,7,0,0.0,0,"[PKT #121] PKT:121,A:10.27/0.65/-1.19,G:-0.06/-0.12/0.50,T:35.2,P:985.2,H:236.4,IR:34.4/33.6,SPEC:4033/98.5,GPS:12.975255/79.093992/242.2,SAT:7"
2026-09-18T21:03:51.657346,1789745631.6573465,122,Serial,10.3,0.66,-1.2,-0.06,-0.12,0.51,35.2,985.2,236.3,34.5,33.8,-0.7,4019,3.24,98.1,12.975252,79.093991,242.4,8,0,0.0,0,"[PKT #122] PKT:122,A:10.30/0.66/-1.20,G:-0.06/-0.12/0.51,T:35.2,P:985.2,H:236.3,IR:34.5/33.8,SPEC:4019/98.1,GPS:12.975252/79.093991/242.4,SAT:8"
2026-09-18T21:03:52.656158,1789745632.6561582,123,Serial,10.29,0.61,-1.19,-0.06,-0.12,0.5,35.2,985.2,236.3,34.4,33.8,-0.6,4007,3.23,97.9,12.975252,79.093984,242.1,5,0,0.0,0,"[PKT #123] PKT:123,A:10.29/0.61/-1.19,G:-0.06/-0.12/0.50,T:35.2,P:985.2,H:236.3,IR:34.4/33.8,SPEC:4007/97.9,GPS:12.975252/79.093984/242.1,SAT:5"
2026-09-18T21:03:53.656677,1789745633.656677,124,Serial,10.29,0.64,-1.2,-0.06,-0.12,0.5,35.2,985.2,236.6,34.4,33.8,-0.6,3993,3.22,97.5,12.975254,79.093965,241.8,5,0,0.0,0,"[PKT #124] PKT:124,A:10.29/0.64/-1.20,G:-0.06/-0.12/0.50,T:35.2,P:985.2,H:236.6,IR:34.4/33.8,SPEC:3993/97.5,GPS:12.975254/79.093965/241.8,SAT:5"
2026-09-18T21:03:54.656655,1789745634.656655,125,Serial,10.29,0.65,-1.22,-0.06,-0.12,0.5,35.2,985.2,236.2,34.4,33.8,-0.6,4028,3.25,98.4,12.975259,79.093955,241.5,6,0,0.0,0,"[PKT #125] PKT:125,A:10.29/0.65/-1.22,G:-0.06/-0.12/0.50,T:35.2,P:985.2,H:236.2,IR:34.4/33.8,SPEC:4028/98.4,GPS:12.975259/79.093955/241.5,SAT:6"
2026-09-18T21:03:55.656359,1789745635.656359,126,Serial,10.3,0.62,-1.2,-0.06,-0.12,0.5,35.2,985.2,236.2,34.4,33.8,-0.6,4027,3.25,98.3,12.975267,79.093946,241.2,6,0,0.0,0,"[PKT #126] PKT:126,A:10.30/0.62/-1.20,G:-0.06/-0.12/0.50,T:35.2,P:985.2,H:236.2,IR:34.4/33.8,SPEC:4027/98.3,GPS:12.975267/79.093946/241.2,SAT:6"
2026-09-18T21:03:56.656420,1789745636.6564195,127,Serial,10.28,0.63,-1.21,-0.06,-0.12,0.5,35.2,985.2,236.1,34.5,34.0,-0.5,4000,3.22,97.7,12.975285,79.093932,240.7,6,0,0.0,0,"[PKT #127] PKT:127,A:10.28/0.63/-1.21,G:-0.06/-0.12/0.50,T:35.2,P:985.2,H:236.1,IR:34.5/34.0,SPEC:4000/97.7,GPS:12.975285/79.093932/240.7,SAT:6"
2026-09-18T21:03:57.656307,1789745637.6563067,128,Serial,10.3,0.63,-1.17,-0.06,-0.12,0.5,35.2,985.2,236.3,34.5,33.9,-0.6,4016,3.24,98.1,12.975296,79.09391,240.3,7,0,0.0,0,"[PKT #128] PKT:128,A:10.30/0.63/-1.17,G:-0.06/-0.12/0.50,T:35.2,P:985.2,H:236.3,IR:34.5/33.9,SPEC:4016/98.1,GPS:12.975296/79.093910/240.3,SAT:7"
2026-09-18T21:03:58.654778,1789745638.6547785,129,Serial,10.29,0.64,-1.23,-0.06,-0.12,0.5,35.2,985.2,236.0,34.5,33.9,-0.6,4021,3.24,98.2,12.975293,79.093912,240.1,8,0,0.0,0,"[PKT #129] PKT:129,A:10.29/0.64/-1.23,G:-0.06/-0.12/0.50,T:35.2,P:985.2,H:236.0,IR:34.5/33.9,SPEC:4021/98.2,GPS:12.975293/79.093912/240.1,SAT:8"
2026-09-18T21:03:59.656307,1789745639.6563067,130,Serial,10.29,0.66,-1.18,-0.06,-0.12,0.5,35.2,985.2,236.1,34.4,33.8,-0.6,4058,3.27,99.1,12.975274,79.093922,239.8,8,0,0.0,0,"[PKT #130] PKT:130,A:10.29/0.66/-1.18,G:-0.06/-0.12/0.50,T:35.2,P:985.2,H:236.1,IR:34.4/33.8,SPEC:4058/99.1,GPS:12.975274/79.093922/239.8,SAT:8"
2026-09-18T21:04:00.679256,1789745640.679256,131,Serial,10.29,0.65,-1.2,-0.06,-0.12,0.5,35.2,985.2,236.1,34.4,33.9,-0.5,4004,3.23,97.8,12.97525,79.09395,239.7,9,0,0.0,0,"[PKT #131] PKT:131,A:10.29/0.65/-1.20,G:-0.06/-0.12/0.50,T:35.2,P:985.2,H:236.1,IR:34.4/33.9,SPEC:4004/97.8,GPS:12.975250/79.093950/239.7,SAT:9"
2026-09-18T21:04:01.656140,1789745641.6561403,132,Serial,10.28,0.65,-1.21,-0.06,-0.11,0.5,35.2,985.2,236.0,34.4,33.8,-0.6,4019,3.24,98.1,12.975219,79.094023,240.1,8,0,0.0,0,"[PKT #132] PKT:132,A:10.28/0.65/-1.21,G:-0.06/-0.11/0.50,T:35.2,P:985.2,H:236.0,IR:34.4/33.8,SPEC:4019/98.1,GPS:12.975219/79.094023/240.1,SAT:8"
2026-09-18T21:04:02.656555,1789745642.656555,133,Serial,10.29,0.64,-1.2,-0.06,-0.12,0.5,35.2,985.2,236.2,34.4,33.8,-0.6,4029,3.25,98.4,12.975207,79.09402,240.2,6,0,0.0,0,"[PKT #133] PKT:133,A:10.29/0.64/-1.20,G:-0.06/-0.12/0.50,T:35.2,P:985.2,H:236.2,IR:34.4/33.8,SPEC:4029/98.4,GPS:12.975207/79.094020/240.2,SAT:6"
2026-09-18T21:04:03.656433,1789745643.6564326,134,Serial,10.28,0.64,-1.18,-0.06,-0.12,0.5,35.2,985.2,236.3,34.4,33.8,-0.6,4011,3.23,97.9,12.975198,79.094025,240.1,7,0,0.0,0,"[PKT #134] PKT:134,A:10.28/0.64/-1.18,G:-0.06/-0.12/0.50,T:35.2,P:985.2,H:236.3,IR:34.4/33.8,SPEC:4011/97.9,GPS:12.975198/79.094025/240.1,SAT:7"
2026-09-18T21:04:04.656375,1789745644.6563747,135,Serial,10.3,0.64,-1.21,-0.06,-0.12,0.5,35.2,985.2,236.4,34.4,33.9,-0.5,4019,3.24,98.1,12.975189,79.09403,240.1,10,0,0.0,0,"[PKT #135] PKT:135,A:10.30/0.64/-1.21,G:-0.06/-0.12/0.50,T:35.2,P:985.2,H:236.4,IR:34.4/33.9,SPEC:4019/98.1,GPS:12.975189/79.094030/240.1,SAT:10"
2026-09-18T21:04:05.654698,1789745645.654698,136,Serial,10.28,0.66,-1.21,-0.06,-0.12,0.5,35.2,985.2,236.1,34.5,33.8,-0.7,4055,3.27,99.0,12.975186,79.094029,240.1,8,0,0.0,0,"[PKT #136] PKT:136,A:10.28/0.66/-1.21,G:-0.06/-0.12/0.50,T:35.2,P:985.2,H:236.1,IR:34.5/33.8,SPEC:4055/99.0,GPS:12.975186/79.094029/240.1,SAT:8"
2026-09-18T21:04:06.655017,1789745646.6550174,137,Serial,10.28,0.65,-1.22,-0.06,-0.12,0.5,35.2,985.2,236.4,34.5,33.7,-0.8,4030,3.25,98.4,12.975173,79.094053,240.2,10,0,0.0,0,"[PKT #137] PKT:137,A:10.28/0.65/-1.22,G:-0.06/-0.12/0.50,T:35.2,P:985.2,H:236.4,IR:34.5/33.7,SPEC:4030/98.4,GPS:12.975173/79.094053/240.2,SAT:10"
2026-09-18T21:04:07.657716,1789745647.657716,138,Serial,10.28,0.65,-1.19,-0.06,-0.12,0.5,35.2,985.2,236.1,34.4,33.8,-0.6,4050,3.26,98.9,12.975197,79.093996,239.1,9,0,0.0,0,"[PKT #138] PKT:138,A:10.28/0.65/-1.19,G:-0.06/-0.12/0.50,T:35.2,P:985.2,H:236.1,IR:34.4/33.8,SPEC:4050/98.9,GPS:12.975197/79.093996/239.1,SAT:9"
2026-09-18T21:04:08.655895,1789745648.655895,139,Serial,10.28,0.66,-1.22,-0.06,-0.12,0.5,35.2,985.2,236.4,34.5,33.8,-0.7,4034,3.25,98.5,12.975218,79.093967,237.8,10,0,0.0,0,"[PKT #139] PKT:139,A:10.28/0.66/-1.22,G:-0.06/-0.12/0.50,T:35.2,P:985.2,H:236.4,IR:34.5/33.8,SPEC:4034/98.5,GPS:12.975218/79.093967/237.8,SAT:10"
2026-09-18T21:04:09.655954,1789745649.655954,140,Serial,10.28,0.64,-1.21,-0.06,-0.12,0.5,35.2,985.2,236.0,34.4,33.9,-0.5,3982,3.21,97.2,12.975229,79.093948,237.1,9,0,0.0,0,"[PKT #140] PKT:140,A:10.28/0.64/-1.21,G:-0.06/-0.12/0.50,T:35.2,P:985.2,H:236.0,IR:34.4/33.9,SPEC:3982/97.2,GPS:12.975229/79.093948/237.1,SAT:9"
2026-09-18T21:04:10.656108,1789745650.6561077,141,Serial,10.28,0.64,-1.21,-0.06,-0.12,0.5,35.2,985.2,236.1,34.4,33.9,-0.5,4026,3.24,98.3,12.975224,79.093949,237.2,8,0,0.0,0,"[PKT #141] PKT:141,A:10.28/0.64/-1.21,G:-0.06/-0.12/0.50,T:35.2,P:985.2,H:236.1,IR:34.4/33.9,SPEC:4026/98.3,GPS:12.975224/79.093949/237.2,SAT:8"
2026-09-18T21:04:11.654431,1789745651.6544313,142,Serial,10.29,0.64,-1.22,-0.06,-0.12,0.5,35.2,985.2,236.0,34.4,33.8,-0.6,3993,3.22,97.5,12.975228,79.09395,236.4,9,0,0.0,0,"[PKT #142] PKT:142,A:10.29/0.64/-1.22,G:-0.06/-0.12/0.50,T:35.2,P:985.2,H:236.0,IR:34.4/33.8,SPEC:3993/97.5,GPS:12.975228/79.093950/236.4,SAT:9"
2026-09-18T21:04:12.655896,1789745652.6558964,143,Serial,10.31,0.63,-1.21,-0.07,-0.11,0.5,35.2,985.2,236.0,34.4,33.8,-0.6,3998,3.22,97.6,12.975233,79.093941,235.7,9,0,0.0,0,"[PKT #143] PKT:143,A:10.31/0.63/-1.21,G:-0.07/-0.11/0.50,T:35.2,P:985.2,H:236.0,IR:34.4/33.8,SPEC:3998/97.6,GPS:12.975233/79.093941/235.7,SAT:9"
2026-09-18T21:04:13.658122,1789745653.6581223,144,Serial,10.31,0.64,-1.2,-0.06,-0.12,0.5,35.2,985.2,235.9,34.4,33.9,-0.5,4008,3.23,97.9,12.975243,79.093935,234.8,9,0,0.0,0,"[PKT #144] PKT:144,A:10.31/0.64/-1.20,G:-0.06/-0.12/0.50,T:35.2,P:985.2,H:235.9,IR:34.4/33.9,SPEC:4008/97.9,GPS:12.975243/79.093935/234.8,SAT:9"
2026-09-18T21:04:14.655935,1789745654.6559353,145,Serial,10.28,0.64,-1.22,-0.06,-0.12,0.5,35.2,985.2,235.9,34.4,33.8,-0.6,4014,3.23,98.0,12.975259,79.09393,233.6,9,0,0.0,0,"[PKT #145] PKT:145,A:10.28/0.64/-1.22,G:-0.06/-0.12/0.50,T:35.2,P:985.2,H:235.9,IR:34.4/33.8,SPEC:4014/98.0,GPS:12.975259/79.093930/233.6,SAT:9"
2026-09-18T21:04:15.655581,1789745655.6555808,146,Serial,10.27,0.65,-1.19,-0.06,-0.12,0.5,35.2,985.2,235.9,34.4,33.9,-0.5,4023,3.24,98.2,12.975262,79.093935,233.2,8,0,0.0,0,"[PKT #146] PKT:146,A:10.27/0.65/-1.19,G:-0.06/-0.12/0.50,T:35.2,P:985.2,H:235.9,IR:34.4/33.9,SPEC:4023/98.2,GPS:12.975262/79.093935/233.2,SAT:8"
2026-09-18T21:04:16.659270,1789745656.6592698,147,Serial,10.29,0.65,-1.22,-0.07,-0.12,0.5,35.2,985.2,236.1,34.4,33.8,-0.6,4018,3.24,98.1,12.975263,79.093937,232.8,9,0,0.0,0,"[PKT #147] PKT:147,A:10.29/0.65/-1.22,G:-0.07/-0.12/0.50,T:35.2,P:985.2,H:236.1,IR:34.4/33.8,SPEC:4018/98.1,GPS:12.975263/79.093937/232.8,SAT:9"
2026-09-18T21:04:17.656099,1789745657.6560993,148,Serial,10.27,0.64,-1.22,-0.07,-0.11,0.5,35.2,985.2,236.1,34.4,33.8,-0.6,4038,3.25,98.6,12.975261,79.093932,232.7,8,0,0.0,0,"[PKT #148] PKT:148,A:10.27/0.64/-1.22,G:-0.07/-0.11/0.50,T:35.2,P:985.2,H:236.1,IR:34.4/33.8,SPEC:4038/98.6,GPS:12.975261/79.093932/232.7,SAT:8"
2026-09-18T21:04:18.655483,1789745658.6554825,149,Serial,10.28,0.63,-1.24,-0.07,-0.12,0.5,35.2,985.2,236.1,34.5,33.8,-0.7,4036,3.25,98.6,12.975258,79.093932,232.5,8,0,0.0,0,"[PKT #149] PKT:149,A:10.28/0.63/-1.24,G:-0.07/-0.12/0.50,T:35.2,P:985.2,H:236.1,IR:34.5/33.8,SPEC:4036/98.6,GPS:12.975258/79.093932/232.5,SAT:8"
2026-09-18T21:04:19.655637,1789745659.6556365,150,Serial,10.28,0.64,-1.18,-0.06,-0.12,0.5,35.2,985.2,236.0,34.5,33.8,-0.7,4017,3.24,98.1,12.97526,79.093929,232.1,8,0,0.0,0,"[PKT #150] PKT:150,A:10.28/0.64/-1.18,G:-0.06/-0.12/0.50,T:35.2,P:985.2,H:236.0,IR:34.5/33.8,SPEC:4017/98.1,GPS:12.975260/79.093929/232.1,SAT:8"
2026-09-18T21:04:20.656305,1789745660.6563048,151,Serial,10.28,0.63,-1.21,-0.06,-0.12,0.5,35.2,985.2,236.1,34.4,33.7,-0.7,4033,3.25,98.5,12.975263,79.093923,231.6,8,0,0.0,0,"[PKT #151] PKT:151,A:10.28/0.63/-1.21,G:-0.06/-0.12/0.50,T:35.2,P:985.2,H:236.1,IR:34.4/33.7,SPEC:4033/98.5,GPS:12.975263/79.093923/231.6,SAT:8"
2026-09-18T21:04:21.655520,1789745661.6555202,152,Serial,10.29,0.63,-1.2,-0.06,-0.12,0.5,35.2,985.2,236.1,34.5,33.8,-0.7,4037,3.25,98.6,12.97525,79.093969,232.6,8,0,0.0,0,"[PKT #152] PKT:152,A:10.29/0.63/-1.20,G:-0.06/-0.12/0.50,T:35.2,P:985.2,H:236.1,IR:34.5/33.8,SPEC:4037/98.6,GPS:12.975250/79.093969/232.6,SAT:8"
2026-09-18T21:04:22.655465,1789745662.6554654,153,Serial,10.28,0.63,-1.21,-0.06,-0.12,0.51,35.2,985.2,236.3,34.4,33.9,-0.5,4015,3.24,98.0,12.975249,79.093969,232.3,6,0,0.0,0,"[PKT #153] PKT:153,A:10.28/0.63/-1.21,G:-0.06/-0.12/0.51,T:35.2,P:985.2,H:236.3,IR:34.4/33.9,SPEC:4015/98.0,GPS:12.975249/79.093969/232.3,SAT:6"
2026-09-18T21:04:23.655317,1789745663.6553166,154,Serial,10.3,0.64,-1.21,-0.06,-0.12,0.5,35.3,985.2,236.1,34.4,33.9,-0.5,3984,3.21,97.3,12.97525,79.093967,232.0,7,0,0.0,0,"[PKT #154] PKT:154,A:10.30/0.64/-1.21,G:-0.06/-0.12/0.50,T:35.3,P:985.2,H:236.1,IR:34.4/33.9,SPEC:3984/97.3,GPS:12.975250/79.093967/232.0,SAT:7"
2026-09-18T21:04:24.655307,1789745664.655307,155,Serial,10.27,0.64,-1.17,-0.06,-0.12,0.5,35.3,985.2,236.1,34.5,33.8,-0.7,4008,3.23,97.9,12.975249,79.093959,231.9,7,0,0.0,0,"[PKT #155] PKT:155,A:10.27/0.64/-1.17,G:-0.06/-0.12/0.50,T:35.3,P:985.2,H:236.1,IR:34.5/33.8,SPEC:4008/97.9,GPS:12.975249/79.093959/231.9,SAT:7"
2026-09-18T21:04:25.654934,1789745665.654934,156,Serial,10.28,0.63,-1.21,-0.06,-0.12,0.5,35.3,985.2,236.2,34.5,33.8,-0.7,3995,3.22,97.6,12.975246,79.093962,231.7,7,0,0.0,0,"[PKT #156] PKT:156,A:10.28/0.63/-1.21,G:-0.06/-0.12/0.50,T:35.3,P:985.2,H:236.2,IR:34.5/33.8,SPEC:3995/97.6,GPS:12.975246/79.093962/231.7,SAT:7"
2026-09-18T21:04:26.655571,1789745666.6555707,157,Serial,10.29,0.63,-1.21,-0.06,-0.12,0.5,35.3,985.2,236.1,34.4,34.0,-0.4,4010,3.23,97.9,12.975251,79.093968,231.5,8,0,0.0,0,"[PKT #157] PKT:157,A:10.29/0.63/-1.21,G:-0.06/-0.12/0.50,T:35.3,P:985.2,H:236.1,IR:34.4/34.0,SPEC:4010/97.9,GPS:12.975251/79.093968/231.5,SAT:8"
2026-09-18T21:04:27.655497,1789745667.655497,158,Serial,10.28,0.63,-1.18,-0.06,-0.12,0.5,35.3,985.2,236.2,34.5,34.0,-0.5,4014,3.23,98.0,12.975252,79.09397,231.5,8,0,0.0,0,"[PKT #158] PKT:158,A:10.28/0.63/-1.18,G:-0.06/-0.12/0.50,T:35.3,P:985.2,H:236.2,IR:34.5/34.0,SPEC:4014/98.0,GPS:12.975252/79.093970/231.5,SAT:8"
2026-09-18T21:04:28.655348,1789745668.6553478,159,Serial,10.3,0.65,-1.19,-0.06,-0.12,0.5,35.3,985.2,236.0,34.4,33.9,-0.5,4050,3.26,98.9,12.975242,79.09397,231.4,7,0,0.0,0,"[PKT #159] PKT:159,A:10.30/0.65/-1.19,G:-0.06/-0.12/0.50,T:35.3,P:985.2,H:236.0,IR:34.4/33.9,SPEC:4050/98.9,GPS:12.975242/79.093970/231.4,SAT:7"
2026-09-18T21:04:29.655055,1789745669.6550553,160,Serial,10.28,0.64,-1.2,-0.06,-0.12,0.5,35.3,985.2,236.3,34.5,33.9,-0.6,4022,3.24,98.2,12.975231,79.093963,231.5,7,0,0.0,0,"[PKT #160] PKT:160,A:10.28/0.64/-1.20,G:-0.06/-0.12/0.50,T:35.3,P:985.2,H:236.3,IR:34.5/33.9,SPEC:4022/98.2,GPS:12.975231/79.093963/231.5,SAT:7"
2026-09-18T21:04:30.654849,1789745670.654849,161,Serial,10.29,0.63,-1.21,-0.06,-0.12,0.5,35.3,985.2,236.3,34.5,33.9,-0.6,4005,3.23,97.8,12.975224,79.093972,231.5,6,0,0.0,0,"[PKT #161] PKT:161,A:10.29/0.63/-1.21,G:-0.06/-0.12/0.50,T:35.3,P:985.2,H:236.3,IR:34.5/33.9,SPEC:4005/97.8,GPS:12.975224/79.093972/231.5,SAT:6"
2026-09-18T21:04:31.655011,1789745671.6550107,162,Serial,10.29,0.65,-1.19,-0.06,-0.12,0.5,35.3,985.2,236.3,34.4,33.9,-0.5,3988,3.21,97.4,12.975223,79.093971,231.8,6,0,0.0,0,"[PKT #162] PKT:162,A:10.29/0.65/-1.19,G:-0.06/-0.12/0.50,T:35.3,P:985.2,H:236.3,IR:34.4/33.9,SPEC:3988/97.4,GPS:12.975223/79.093971/231.8,SAT:6"
2026-09-18T21:04:32.655014,1789745672.6550136,163,Serial,10.28,0.62,-1.19,-0.06,-0.12,0.5,35.3,985.2,236.1,34.5,33.9,-0.6,4017,3.24,98.1,12.975232,79.093963,232.0,6,0,0.0,0,"[PKT #163] PKT:163,A:10.28/0.62/-1.19,G:-0.06/-0.12/0.50,T:35.3,P:985.2,H:236.1,IR:34.5/33.9,SPEC:4017/98.1,GPS:12.975232/79.093963/232.0,SAT:6"
2026-09-18T21:04:33.692972,1789745673.692972,164,Serial,10.27,0.64,-1.2,-0.06,-0.12,0.5,35.3,985.2,236.0,34.4,33.9,-0.5,4010,3.23,97.9,12.975221,79.093956,231.9,5,0,0.0,0,"[PKT #164] PKT:164,A:10.27/0.64/-1.20,G:-0.06/-0.12/0.50,T:35.3,P:985.2,H:236.0,IR:34.4/33.9,SPEC:4010/97.9,GPS:12.975221/79.093956/231.9,SAT:5"
2026-09-18T21:04:34.654780,1789745674.65478,165,Serial,10.27,0.65,-1.19,-0.06,-0.12,0.5,35.3,985.2,235.9,34.5,33.8,-0.7,4005,3.23,97.8,12.975223,79.093961,232.0,4,0,0.0,0,"[PKT #165] PKT:165,A:10.27/0.65/-1.19,G:-0.06/-0.12/0.50,T:35.3,P:985.2,H:235.9,IR:34.5/33.8,SPEC:4005/97.8,GPS:12.975223/79.093961/232.0,SAT:4"
2026-09-18T21:04:35.655041,1789745675.6550405,166,Serial,10.3,0.62,-1.21,-0.06,-0.11,0.5,35.3,985.2,236.3,34.5,33.9,-0.6,4023,3.24,98.2,12.975218,79.093957,231.8,7,0,0.0,0,"[PKT #166] PKT:166,A:10.30/0.62/-1.21,G:-0.06/-0.11/0.50,T:35.3,P:985.2,H:236.3,IR:34.5/33.9,SPEC:4023/98.2,GPS:12.975218/79.093957/231.8,SAT:7"
2026-09-18T21:04:36.654945,1789745676.6549454,167,Serial,10.25,0.72,-1.26,-0.06,-0.11,0.5,35.3,985.2,236.1,34.4,33.9,-0.5,3989,3.21,97.4,12.975214,79.093963,231.6,6,0,0.0,0,"[PKT #167] PKT:167,A:10.25/0.72/-1.26,G:-0.06/-0.11/0.50,T:35.3,P:985.2,H:236.1,IR:34.4/33.9,SPEC:3989/97.4,GPS:12.975214/79.093963/231.6,SAT:6"
2026-09-18T21:04:37.658463,1789745677.6584628,168,Serial,10.28,0.69,-1.25,-0.06,-0.12,0.5,35.3,985.2,236.3,34.4,33.9,-0.5,4001,3.22,97.7,12.975202,79.093972,231.5,7,0,0.0,0,"[PKT #168] PKT:168,A:10.28/0.69/-1.25,G:-0.06/-0.12/0.50,T:35.3,P:985.2,H:236.3,IR:34.4/33.9,SPEC:4001/97.7,GPS:12.975202/79.093972/231.5,SAT:7"
2026-09-18T21:04:55.124223,1789745695.1242235,1,Serial,10.28,0.66,-1.24,-0.06,-0.12,0.5,35.3,985.2,236.1,34.4,34.0,-0.4,4051,3.26,98.9,0.0,0.0,0.0,0,0,0.0,0,"[PKT #1] PKT:1,A:10.28/0.66/-1.24,G:-0.06/-0.12/0.50,T:35.3,P:985.2,H:236.1,IR:34.4/34.0,SPEC:4051/98.9,GPS:0.000000/0.000000/0.0,SAT:0"
2026-09-18T21:04:56.124068,1789745696.124068,2,Serial,10.28,0.69,-1.26,-0.06,-0.12,0.5,35.3,985.2,236.4,34.4,34.0,-0.4,4046,3.26,98.8,0.0,0.0,0.0,0,0,0.0,0,"[PKT #2] PKT:2,A:10.28/0.69/-1.26,G:-0.06/-0.12/0.50,T:35.3,P:985.2,H:236.4,IR:34.4/34.0,SPEC:4046/98.8,GPS:0.000000/0.000000/0.0,SAT:0"
2026-09-18T21:04:57.124156,1789745697.124156,3,Serial,10.26,0.66,-1.27,-0.06,-0.12,0.5,35.3,985.2,236.2,34.4,34.0,-0.4,4033,3.25,98.5,0.0,0.0,0.0,0,0,0.0,0,"[PKT #3] PKT:3,A:10.26/0.66/-1.27,G:-0.06/-0.12/0.50,T:35.3,P:985.2,H:236.2,IR:34.4/34.0,SPEC:4033/98.5,GPS:0.000000/0.000000/0.0,SAT:0"
2026-09-18T21:04:58.123623,1789745698.1236234,4,Serial,10.27,0.66,-1.27,-0.06,-0.12,0.5,35.3,985.2,236.0,34.5,34.0,-0.5,4067,3.28,99.3,0.0,0.0,0.0,0,0,0.0,0,"[PKT #4] PKT:4,A:10.27/0.66/-1.27,G:-0.06/-0.12/0.50,T:35.3,P:985.2,H:236.0,IR:34.5/34.0,SPEC:4067/99.3,GPS:0.000000/0.000000/0.0,SAT:0"
2026-09-18T21:04:59.123655,1789745699.1236546,5,Serial,10.27,0.66,-1.26,-0.06,-0.12,0.5,35.3,985.2,236.3,34.5,33.9,-0.6,4076,3.28,99.5,0.0,0.0,0.0,0,0,0.0,0,"[PKT #5] PKT:5,A:10.27/0.66/-1.26,G:-0.06/-0.12/0.50,T:35.3,P:985.2,H:236.3,IR:34.5/33.9,SPEC:4076/99.5,GPS:0.000000/0.000000/0.0,SAT:0"
2026-09-18T21:05:00.124408,1789745700.1244085,6,Serial,10.27,0.67,-1.25,-0.06,-0.11,0.5,35.3,985.2,235.8,34.5,33.9,-0.6,4056,3.27,99.0,0.0,0.0,0.0,0,0,0.0,0,"[PKT #6] PKT:6,A:10.27/0.67/-1.25,G:-0.06/-0.11/0.50,T:35.3,P:985.2,H:235.8,IR:34.5/33.9,SPEC:4056/99.0,GPS:0.000000/0.000000/0.0,SAT:0"
2026-09-18T21:05:01.123561,1789745701.123561,7,Serial,10.28,0.69,-1.25,-0.06,-0.11,0.5,35.3,985.2,236.1,34.5,33.9,-0.6,4073,3.28,99.5,0.0,0.0,0.0,0,0,0.0,0,"[PKT #7] PKT:7,A:10.28/0.69/-1.25,G:-0.06/-0.11/0.50,T:35.3,P:985.2,H:236.1,IR:34.5/33.9,SPEC:4073/99.5,GPS:0.000000/0.000000/0.0,SAT:0"
2026-09-18T21:05:02.124621,1789745702.1246214,8,Serial,10.31,0.67,-1.24,-0.06,-0.12,0.5,35.3,985.2,236.0,34.4,33.9,-0.5,4054,3.27,99.0,0.0,0.0,0.0,0,0,0.0,0,"[PKT #8] PKT:8,A:10.31/0.67/-1.24,G:-0.06/-0.12/0.50,T:35.3,P:985.2,H:236.0,IR:34.4/33.9,SPEC:4054/99.0,GPS:0.000000/0.000000/0.0,SAT:0"
2026-09-18T21:05:03.123424,1789745703.1234236,9,Serial,10.28,0.68,-1.26,-0.06,-0.12,0.5,35.3,985.2,236.5,34.4,33.9,-0.5,4035,3.25,98.5,0.0,0.0,0.0,0,0,0.0,0,"[PKT #9] PKT:9,A:10.28/0.68/-1.26,G:-0.06/-0.12/0.50,T:35.3,P:985.2,H:236.5,IR:34.4/33.9,SPEC:4035/98.5,GPS:0.000000/0.000000/0.0,SAT:0"
2026-09-18T21:05:04.124493,1789745704.1244926,10,Serial,10.28,0.68,-1.25,-0.06,-0.12,0.5,35.4,985.2,236.3,34.5,33.9,-0.6,4007,3.23,97.9,0.0,0.0,0.0,0,0,0.0,0,"[PKT #10] PKT:10,A:10.28/0.68/-1.25,G:-0.06/-0.12/0.50,T:35.4,P:985.2,H:236.3,IR:34.5/33.9,SPEC:4007/97.9,GPS:0.000000/0.000000/0.0,SAT:0"
2026-09-18T21:05:05.124043,1789745705.1240427,11,Serial,10.27,0.69,-1.28,-0.06,-0.12,0.5,35.3,985.2,236.2,34.5,33.9,-0.6,4064,3.28,99.2,0.0,0.0,0.0,0,0,0.0,0,"[PKT #11] PKT:11,A:10.27/0.69/-1.28,G:-0.06/-0.12/0.50,T:35.3,P:985.2,H:236.2,IR:34.5/33.9,SPEC:4064/99.2,GPS:0.000000/0.000000/0.0,SAT:0"
2026-09-18T21:05:06.123510,1789745706.1235101,12,Serial,10.29,0.68,-1.25,-0.06,-0.12,0.5,35.4,985.2,236.2,34.4,33.8,-0.6,4055,3.27,99.0,0.0,0.0,0.0,0,0,0.0,0,"[PKT #12] PKT:12,A:10.29/0.68/-1.25,G:-0.06/-0.12/0.50,T:35.4,P:985.2,H:236.2,IR:34.4/33.8,SPEC:4055/99.0,GPS:0.000000/0.000000/0.0,SAT:0"
2026-09-18T21:05:07.123361,1789745707.1233613,13,Serial,10.28,0.69,-1.27,-0.06,-0.12,0.5,35.4,985.2,236.3,34.5,33.8,-0.7,4070,3.28,99.4,0.0,0.0,0.0,0,0,0.0,0,"[PKT #13] PKT:13,A:10.28/0.69/-1.27,G:-0.06/-0.12/0.50,T:35.4,P:985.2,H:236.3,IR:34.5/33.8,SPEC:4070/99.4,GPS:0.000000/0.000000/0.0,SAT:0"
2026-09-18T21:05:08.123455,1789745708.123455,14,Serial,10.3,0.66,-1.26,-0.06,-0.12,0.51,35.4,985.2,235.9,34.5,33.9,-0.6,4070,3.28,99.4,0.0,0.0,0.0,0,0,0.0,0,"[PKT #14] PKT:14,A:10.30/0.66/-1.26,G:-0.06/-0.12/0.51,T:35.4,P:985.2,H:235.9,IR:34.5/33.9,SPEC:4070/99.4,GPS:0.000000/0.000000/0.0,SAT:0"
2026-09-18T21:05:09.123801,1789745709.1238008,15,Serial,10.27,0.66,-1.29,-0.06,-0.12,0.5,35.4,985.2,236.3,34.5,33.8,-0.7,4020,3.24,98.2,0.0,0.0,0.0,0,0,0.0,0,"[PKT #15] PKT:15,A:10.27/0.66/-1.29,G:-0.06/-0.12/0.50,T:35.4,P:985.2,H:236.3,IR:34.5/33.8,SPEC:4020/98.2,GPS:0.000000/0.000000/0.0,SAT:0"
2026-09-18T21:05:10.123216,1789745710.123216,16,Serial,10.28,0.67,-1.26,-0.06,-0.12,0.5,35.4,985.2,236.0,34.5,33.8,-0.7,4062,3.27,99.2,0.0,0.0,0.0,0,0,0.0,0,"[PKT #16] PKT:16,A:10.28/0.67/-1.26,G:-0.06/-0.12/0.50,T:35.4,P:985.2,H:236.0,IR:34.5/33.8,SPEC:4062/99.2,GPS:0.000000/0.000000/0.0,SAT:0"
2026-09-18T21:05:11.123499,1789745711.1234992,17,Serial,10.28,0.67,-1.24,-0.06,-0.12,0.5,35.4,985.2,236.4,34.4,33.9,-0.5,4069,3.28,99.4,0.0,0.0,0.0,0,0,0.0,0,"[PKT #17] PKT:17,A:10.28/0.67/-1.24,G:-0.06/-0.12/0.50,T:35.4,P:985.2,H:236.4,IR:34.4/33.9,SPEC:4069/99.4,GPS:0.000000/0.000000/0.0,SAT:0"
2026-09-18T21:05:12.123551,1789745712.123551,18,Serial,10.27,0.68,-1.24,-0.06,-0.12,0.5,35.4,985.2,236.3,34.5,33.9,-0.6,4054,3.27,99.0,0.0,0.0,0.0,0,0,0.0,0,"[PKT #18] PKT:18,A:10.27/0.68/-1.24,G:-0.06/-0.12/0.50,T:35.4,P:985.2,H:236.3,IR:34.5/33.9,SPEC:4054/99.0,GPS:0.000000/0.000000/0.0,SAT:0"
2026-09-18T21:05:13.123030,1789745713.1230302,19,Serial,10.29,0.67,-1.24,-0.06,-0.12,0.5,35.4,985.2,236.2,34.5,33.9,-0.6,4019,3.24,98.1,0.0,0.0,0.0,0,0,0.0,0,"[PKT #19] PKT:19,A:10.29/0.67/-1.24,G:-0.06/-0.12/0.50,T:35.4,P:985.2,H:236.2,IR:34.5/33.9,SPEC:4019/98.1,GPS:0.000000/0.000000/0.0,SAT:0"
2026-09-18T21:05:14.123234,1789745714.123234,20,Serial,10.27,0.69,-1.27,-0.06,-0.12,0.5,35.4,985.2,236.0,34.5,33.9,-0.6,4070,3.28,99.4,0.0,0.0,0.0,0,0,0.0,0,"[PKT #20] PKT:20,A:10.27/0.69/-1.27,G:-0.06/-0.12/0.50,T:35.4,P:985.2,H:236.0,IR:34.5/33.9,SPEC:4070/99.4,GPS:0.000000/0.000000/0.0,SAT:0"
2026-09-18T21:05:15.122974,1789745715.1229744,21,Serial,10.27,0.68,-1.25,-0.06,-0.12,0.5,35.4,985.2,236.2,34.5,33.9,-0.6,4084,3.29,99.7,0.0,0.0,0.0,0,0,0.0,0,"[PKT #21] PKT:21,A:10.27/0.68/-1.25,G:-0.06/-0.12/0.50,T:35.4,P:985.2,H:236.2,IR:34.5/33.9,SPEC:4084/99.7,GPS:0.000000/0.000000/0.0,SAT:0"
2026-09-18T21:05:16.123500,1789745716.1235003,22,Serial,10.26,0.65,-1.26,-0.06,-0.12,0.5,35.4,985.2,236.4,34.5,33.9,-0.6,4052,3.27,98.9,0.0,0.0,0.0,0,0,0.0,0,"[PKT #22] PKT:22,A:10.26/0.65/-1.26,G:-0.06/-0.12/0.50,T:35.4,P:985.2,H:236.4,IR:34.5/33.9,SPEC:4052/98.9,GPS:0.000000/0.000000/0.0,SAT:0"
2026-09-18T21:05:17.125791,1789745717.1257913,23,Serial,10.29,0.68,-1.27,-0.06,-0.12,0.5,35.4,985.2,236.3,34.5,33.9,-0.6,4072,3.28,99.4,0.0,0.0,0.0,0,0,0.0,0,"[PKT #23] PKT:23,A:10.29/0.68/-1.27,G:-0.06/-0.12/0.50,T:35.4,P:985.2,H:236.3,IR:34.5/33.9,SPEC:4072/99.4,GPS:0.000000/0.000000/0.0,SAT:0"
2026-09-18T21:05:18.123053,1789745718.1230528,24,Serial,10.27,0.66,-1.26,-0.06,-0.12,0.5,35.4,985.2,236.3,34.5,33.8,-0.7,4060,3.27,99.1,0.0,0.0,0.0,0,0,0.0,0,"[PKT #24] PKT:24,A:10.27/0.66/-1.26,G:-0.06/-0.12/0.50,T:35.4,P:985.2,H:236.3,IR:34.5/33.8,SPEC:4060/99.1,GPS:0.000000/0.000000/0.0,SAT:0"
2026-09-18T21:05:19.122508,1789745719.1225083,25,Serial,10.27,0.68,-1.23,-0.06,-0.12,0.5,35.4,985.2,236.2,34.5,33.9,-0.6,4024,3.24,98.3,0.0,0.0,0.0,0,0,0.0,0,"[PKT #25] PKT:25,A:10.27/0.68/-1.23,G:-0.06/-0.12/0.50,T:35.4,P:985.2,H:236.2,IR:34.5/33.9,SPEC:4024/98.3,GPS:0.000000/0.000000/0.0,SAT:0"
2026-09-18T21:05:20.123331,1789745720.1233308,26,Serial,10.27,0.68,-1.28,-0.06,-0.12,0.5,35.4,985.2,236.2,34.5,33.9,-0.6,4061,3.27,99.2,0.0,0.0,0.0,0,0,0.0,0,"[PKT #26] PKT:26,A:10.27/0.68/-1.28,G:-0.06/-0.12/0.50,T:35.4,P:985.2,H:236.2,IR:34.5/33.9,SPEC:4061/99.2,GPS:0.000000/0.000000/0.0,SAT:0"
2026-09-18T21:05:21.123747,1789745721.123747,27,Serial,10.28,0.67,-1.27,-0.06,-0.11,0.5,35.4,985.2,236.5,34.5,33.9,-0.6,4060,3.27,99.1,0.0,0.0,0.0,0,0,0.0,0,"[PKT #27] PKT:27,A:10.28/0.67/-1.27,G:-0.06/-0.11/0.50,T:35.4,P:985.2,H:236.5,IR:34.5/33.9,SPEC:4060/99.1,GPS:0.000000/0.000000/0.0,SAT:0"
2026-09-18T21:05:22.123714,1789745722.123714,28,Serial,10.26,0.69,-1.26,-0.06,-0.12,0.5,35.4,985.2,236.3,34.5,33.9,-0.6,4062,3.27,99.2,0.0,0.0,0.0,0,0,0.0,0,"[PKT #28] PKT:28,A:10.26/0.69/-1.26,G:-0.06/-0.12/0.50,T:35.4,P:985.2,H:236.3,IR:34.5/33.9,SPEC:4062/99.2,GPS:0.000000/0.000000/0.0,SAT:0"
2026-09-18T21:05:23.122689,1789745723.1226895,29,Serial,10.28,0.69,-1.25,-0.06,-0.12,0.5,35.4,985.2,236.3,34.5,33.8,-0.7,4069,3.28,99.4,0.0,0.0,0.0,0,0,0.0,0,"[PKT #29] PKT:29,A:10.28/0.69/-1.25,G:-0.06/-0.12/0.50,T:35.4,P:985.2,H:236.3,IR:34.5/33.8,SPEC:4069/99.4,GPS:0.000000/0.000000/0.0,SAT:0"
2026-09-18T21:05:24.123148,1789745724.1231482,30,Serial,10.29,0.57,-1.3,-0.06,-0.12,0.5,35.4,985.2,236.4,34.5,33.8,-0.7,4070,3.28,99.4,0.0,0.0,0.0,0,0,0.0,0,"[PKT #30] PKT:30,A:10.29/0.57/-1.30,G:-0.06/-0.12/0.50,T:35.4,P:985.2,H:236.4,IR:34.5/33.8,SPEC:4070/99.4,GPS:0.000000/0.000000/0.0,SAT:0"
2026-09-18T21:05:25.122397,1789745725.1223967,31,Serial,10.26,0.66,-1.3,-0.06,-0.12,0.5,35.5,985.2,236.4,34.5,33.8,-0.7,4059,3.27,99.1,0.0,0.0,0.0,0,0,0.0,0,"[PKT #31] PKT:31,A:10.26/0.66/-1.30,G:-0.06/-0.12/0.50,T:35.5,P:985.2,H:236.4,IR:34.5/33.8,SPEC:4059/99.1,GPS:0.000000/0.000000/0.0,SAT:0"
2026-09-18T21:05:26.122304,1789745726.1223042,32,Serial,10.29,0.71,-1.25,-0.06,-0.11,0.5,35.5,985.2,236.4,34.5,33.9,-0.6,4058,3.27,99.1,0.0,0.0,0.0,0,0,0.0,0,"[PKT #32] PKT:32,A:10.29/0.71/-1.25,G:-0.06/-0.11/0.50,T:35.5,P:985.2,H:236.4,IR:34.5/33.9,SPEC:4058/99.1,GPS:0.000000/0.000000/0.0,SAT:0"
2026-09-18T21:05:27.123121,1789745727.1231205,33,Serial,10.29,0.67,-1.23,-0.06,-0.12,0.5,35.5,985.2,236.2,34.5,33.9,-0.6,4068,3.28,99.3,0.0,0.0,0.0,0,0,0.0,0,"[PKT #33] PKT:33,A:10.29/0.67/-1.23,G:-0.06/-0.12/0.50,T:35.5,P:985.2,H:236.2,IR:34.5/33.9,SPEC:4068/99.3,GPS:0.000000/0.000000/0.0,SAT:0"
